ts,temperature,humidity,rain,event_type,building_id,occupancy_quiet_zone,occupancy_collab_zone,total_occupancy
2026-02-15 10:00:00+00:00,35.4,36.3,0.0,normal,B04,21,25,46
2026-02-15 11:00:00+00:00,36.5,62.7,0.8,normal,B04,30,32,62
2026-02-15 12:00:00+00:00,36.9,39.8,0.0,normal,B04,37,48,85
2026-02-15 13:00:00+00:00,36.1,33.3,0.0,normal,B04,70,52,122
2026-02-15 14:00:00+00:00,36.3,31.0,0.0,normal,B04,75,71,146
2026-02-15 15:00:00+00:00,33.0,45.2,0.0,normal,B04,82,74,156
2026-02-15 16:00:00+00:00,37.7,25.9,0.0,normal,B04,87,71,158
2026-02-15 17:00:00+00:00,35.0,33.8,0.0,normal,B04,102,89,191
2026-02-15 18:00:00+00:00,33.6,29.0,0.0,normal,B04,114,93,207
2026-02-15 19:00:00+00:00,31.7,64.3,3.6,normal,B04,117,94,211
2026-02-15 20:00:00+00:00,31.3,43.6,0.0,normal,B04,123,86,209
2026-02-15 21:00:00+00:00,29.1,48.2,0.0,normal,B04,111,60,171
2026-02-15 22:00:00+00:00,27.6,65.5,5.8,normal,B04,90,40,130
2026-02-15 23:00:00+00:00,27.0,48.6,0.0,normal,B04,56,25,81
2026-02-16 00:00:00+00:00,27.1,49.3,0.0,normal,B04,0,0,0
2026-02-16 01:00:00+00:00,27.1,51.4,0.0,normal,B04,0,0,0
2026-02-16 02:00:00+00:00,25.3,57.5,0.0,normal,B04,0,0,0
2026-02-16 03:00:00+00:00,31.6,48.6,0.0,normal,B04,0,0,0
2026-02-16 04:00:00+00:00,28.2,52.1,0.0,normal,B04,0,0,0
2026-02-16 05:00:00+00:00,26.9,61.3,1.6,normal,B04,0,0,0
2026-02-16 06:00:00+00:00,29.0,51.7,0.0,normal,B04,16,6,22
2026-02-16 07:00:00+00:00,31.5,34.0,0.0,normal,B04,26,4,30
2026-02-16 08:00:00+00:00,32.7,39.0,0.0,normal,B04,28,17,45
2026-02-16 09:00:00+00:00,32.5,44.3,0.0,normal,B04,15,14,29
2026-02-16 10:00:00+00:00,36.3,40.2,0.0,normal,B04,26,20,46
2026-02-16 11:00:00+00:00,34.5,36.7,0.0,normal,B04,30,27,57
2026-02-16 12:00:00+00:00,37.1,39.3,0.0,normal,B04,39,41,80
2026-02-16 13:00:00+00:00,36.3,34.6,0.0,normal,B04,66,64,130
2026-02-16 14:00:00+00:00,35.6,30.7,0.0,normal,B04,66,66,132
2026-02-16 15:00:00+00:00,38.3,39.4,0.0,normal,B04,87,71,158
2026-02-16 16:00:00+00:00,36.5,40.3,0.0,normal,B04,91,78,169
2026-02-16 17:00:00+00:00,36.3,32.3,0.0,normal,B04,104,86,190
2026-02-16 18:00:00+00:00,35.3,44.8,0.0,normal,B04,98,91,189
2026-02-16 19:00:00+00:00,33.5,47.6,0.0,normal,B04,119,92,211
2026-02-16 20:00:00+00:00,28.3,51.6,0.0,normal,B04,125,76,201
2026-02-16 21:00:00+00:00,31.1,41.9,0.0,normal,B04,121,75,196
2026-02-16 22:00:00+00:00,29.9,35.3,0.0,normal,B04,89,39,128
2026-02-16 23:00:00+00:00,28.4,49.2,0.0,normal,B04,64,22,86
2026-02-17 00:00:00+00:00,30.2,42.0,0.0,normal,B04,0,0,0
2026-02-17 01:00:00+00:00,26.3,48.0,0.0,normal,B04,0,0,0
2026-02-17 02:00:00+00:00,28.7,48.6,0.0,normal,B04,0,0,0
2026-02-17 03:00:00+00:00,26.7,52.5,0.0,normal,B04,0,0,0
2026-02-17 04:00:00+00:00,28.2,52.6,0.0,normal,B04,0,0,0
2026-02-17 05:00:00+00:00,27.8,46.7,0.0,normal,B04,0,0,0
2026-02-17 06:00:00+00:00,29.3,38.8,0.0,normal,B04,27,20,47
2026-02-17 07:00:00+00:00,31.5,44.0,0.0,normal,B04,19,14,33
2026-02-17 08:00:00+00:00,32.4,40.3,0.0,normal,B04,26,9,35
2026-02-17 09:00:00+00:00,31.5,40.6,0.0,normal,B04,19,12,31
2026-02-17 10:00:00+00:00,34.3,34.5,0.0,normal,B04,27,18,45
2026-02-17 11:00:00+00:00,35.6,38.5,0.0,normal,B04,29,39,68
2026-02-17 12:00:00+00:00,39.5,31.6,0.0,normal,B04,43,41,84
2026-02-17 13:00:00+00:00,37.6,33.3,0.0,normal,B04,67,55,122
2026-02-17 14:00:00+00:00,34.5,38.2,0.0,normal,B04,78,66,144
2026-02-17 15:00:00+00:00,37.3,46.4,0.0,normal,B04,88,58,146
2026-02-17 16:00:00+00:00,36.4,36.9,0.0,normal,B04,95,78,173
2026-02-17 17:00:00+00:00,35.8,30.4,0.0,normal,B04,103,92,195
2026-02-17 18:00:00+00:00,36.6,38.9,0.0,normal,B04,105,87,192
2026-02-17 19:00:00+00:00,34.8,33.2,0.0,normal,B04,125,90,215
2026-02-17 20:00:00+00:00,34.5,31.3,0.0,normal,B04,131,86,217
2026-02-17 21:00:00+00:00,31.9,53.0,0.0,normal,B04,114,64,178
2026-02-17 22:00:00+00:00,28.4,44.6,0.0,normal,B04,85,45,130
2026-02-17 23:00:00+00:00,29.0,44.0,0.0,normal,B04,63,28,91
2026-02-18 00:00:00+00:00,25.8,51.6,0.0,normal,B04,0,0,0
2026-02-18 01:00:00+00:00,26.0,53.3,0.0,normal,B04,0,0,0
2026-02-18 02:00:00+00:00,26.1,58.6,0.0,normal,B04,0,0,0
2026-02-18 03:00:00+00:00,26.5,48.7,0.0,normal,B04,0,0,0
2026-02-18 04:00:00+00:00,29.4,39.8,0.0,normal,B04,0,0,0
2026-02-18 05:00:00+00:00,29.3,52.6,0.0,normal,B04,0,0,0
2026-02-18 06:00:00+00:00,27.6,49.6,0.0,normal,B04,19,1,20
2026-02-18 07:00:00+00:00,31.6,46.6,0.0,normal,B04,18,9,27
2026-02-18 08:00:00+00:00,30.6,37.5,0.0,normal,B04,23,19,42
2026-02-18 09:00:00+00:00,34.5,39.7,0.0,normal,B04,14,11,25
2026-02-18 10:00:00+00:00,35.3,38.7,0.0,normal,B04,21,15,36
2026-02-18 11:00:00+00:00,35.0,38.7,0.0,normal,B04,34,33,67
2026-02-18 12:00:00+00:00,37.2,30.6,0.0,normal,B04,43,47,90
2026-02-18 13:00:00+00:00,40.1,32.2,0.0,normal,B04,74,60,134
2026-02-18 14:00:00+00:00,35.7,39.8,0.0,normal,B04,67,68,135
2026-02-18 15:00:00+00:00,35.8,40.2,0.0,normal,B04,90,66,156
2026-02-18 16:00:00+00:00,38.5,28.1,0.0,normal,B04,94,77,171
2026-02-18 17:00:00+00:00,37.5,35.9,0.0,normal,B04,99,89,188
2026-02-18 18:00:00+00:00,36.2,45.2,0.0,normal,B04,111,91,202
2026-02-18 19:00:00+00:00,33.4,36.1,0.0,normal,B04,114,86,200
2026-02-18 20:00:00+00:00,31.1,39.2,0.0,normal,B04,118,86,204
2026-02-18 21:00:00+00:00,31.1,45.1,0.0,normal,B04,109,58,167
2026-02-18 22:00:00+00:00,30.4,48.6,0.0,normal,B04,85,41,126
2026-02-18 23:00:00+00:00,29.0,53.8,0.0,normal,B04,55,26,81
2026-02-19 00:00:00+00:00,27.9,61.8,0.0,normal,B04,0,0,0
2026-02-19 01:00:00+00:00,28.7,42.7,0.0,normal,B04,0,0,0
2026-02-19 02:00:00+00:00,26.0,53.4,0.0,normal,B04,0,0,0
2026-02-19 03:00:00+00:00,27.4,52.4,0.0,normal,B04,0,0,0
2026-02-19 04:00:00+00:00,29.0,46.2,0.0,normal,B04,0,0,0
2026-02-19 05:00:00+00:00,27.8,40.8,0.0,normal,B04,0,0,0
2026-02-19 06:00:00+00:00,29.4,50.2,0.0,normal,B04,28,5,33
2026-02-19 07:00:00+00:00,31.6,36.4,0.0,normal,B04,22,4,26
2026-02-19 08:00:00+00:00,32.8,42.7,0.0,normal,B04,27,5,32
2026-02-19 09:00:00+00:00,32.6,41.9,0.0,normal,B04,12,15,27
2026-02-19 10:00:00+00:00,35.2,31.5,0.0,normal,B04,19,30,49
2026-02-19 11:00:00+00:00,36.7,37.8,0.0,normal,B04,25,22,47
2026-02-19 12:00:00+00:00,38.5,37.5,0.0,normal,B04,44,32,76
2026-02-19 13:00:00+00:00,35.3,32.3,0.0,normal,B04,52,51,103
2026-02-19 14:00:00+00:00,36.3,55.0,10.1,normal,B04,71,62,133
2026-02-19 15:00:00+00:00,37.4,38.2,0.0,normal,B04,84,65,149
2026-02-19 16:00:00+00:00,39.1,31.4,0.0,normal,B04,97,74,171
2026-02-19 17:00:00+00:00,38.1,37.8,0.0,normal,B04,99,82,181
2026-02-19 18:00:00+00:00,35.4,37.7,0.0,normal,B04,109,92,201
2026-02-19 19:00:00+00:00,32.1,34.3,0.0,normal,B04,124,99,223
2026-02-19 20:00:00+00:00,32.8,36.5,0.0,normal,B04,129,96,225
2026-02-19 21:00:00+00:00,31.2,40.5,0.0,normal,B04,107,59,166
2026-02-19 22:00:00+00:00,27.4,50.7,0.0,normal,B04,90,37,127
2026-02-19 23:00:00+00:00,28.4,47.8,0.0,normal,B04,59,36,95
2026-02-20 00:00:00+00:00,27.0,47.8,0.0,normal,B04,0,0,0
2026-02-20 01:00:00+00:00,30.2,45.3,0.0,normal,B04,0,0,0
2026-02-20 02:00:00+00:00,28.5,40.9,0.0,normal,B04,0,0,0
2026-02-20 03:00:00+00:00,31.4,52.0,0.0,normal,B04,0,0,0
2026-02-20 04:00:00+00:00,30.4,48.5,0.0,normal,B04,0,0,0
2026-02-20 05:00:00+00:00,29.2,48.4,0.0,normal,B04,0,0,0
2026-02-20 06:00:00+00:00,31.8,39.2,0.0,normal,B04,28,5,33
2026-02-20 07:00:00+00:00,30.7,35.6,0.0,normal,B04,13,0,13
2026-02-20 08:00:00+00:00,31.5,51.0,0.0,normal,B04,20,9,29
2026-02-20 09:00:00+00:00,33.5,38.2,0.0,normal,B04,20,12,32
2026-02-20 10:00:00+00:00,35.7,28.4,0.0,normal,B04,22,17,39
2026-02-20 11:00:00+00:00,37.6,39.9,0.0,normal,B04,31,35,66
2026-02-20 12:00:00+00:00,37.6,41.9,0.0,normal,B04,31,41,72
2026-02-20 13:00:00+00:00,35.5,45.9,0.0,normal,B04,55,59,114
2026-02-20 14:00:00+00:00,35.2,48.7,7.1,normal,B04,74,71,145
2026-02-20 15:00:00+00:00,38.2,36.6,0.0,normal,B04,92,66,158
2026-02-20 16:00:00+00:00,35.0,56.3,3.4,normal,B04,94,80,174
2026-02-20 17:00:00+00:00,34.3,38.0,0.0,normal,B04,97,82,179
2026-02-20 18:00:00+00:00,32.2,35.2,0.0,normal,B04,106,90,196
2026-02-20 19:00:00+00:00,36.3,42.2,0.0,normal,B04,123,96,219
2026-02-20 20:00:00+00:00,32.5,38.9,0.0,normal,B04,128,82,210
2026-02-20 21:00:00+00:00,31.5,54.5,0.0,normal,B04,107,61,168
2026-02-20 22:00:00+00:00,30.8,48.3,0.0,normal,B04,92,48,140
2026-02-20 23:00:00+00:00,28.9,47.0,0.0,normal,B04,58,26,84
2026-02-21 00:00:00+00:00,29.4,46.5,0.0,normal,B04,0,0,0
2026-02-21 01:00:00+00:00,25.1,58.7,0.0,normal,B04,0,0,0
2026-02-21 02:00:00+00:00,26.9,60.2,0.0,normal,B04,0,0,0
2026-02-21 03:00:00+00:00,29.0,46.8,0.0,normal,B04,0,0,0
2026-02-21 04:00:00+00:00,29.1,45.8,0.0,normal,B04,0,0,0
2026-02-21 05:00:00+00:00,28.5,48.2,0.0,normal,B04,0,0,0
2026-02-21 06:00:00+00:00,31.6,40.2,0.0,normal,B04,20,10,30
2026-02-21 07:00:00+00:00,30.6,42.4,0.0,normal,B04,8,4,12
2026-02-21 08:00:00+00:00,34.2,45.9,0.0,normal,B04,23,12,35
2026-02-21 09:00:00+00:00,34.6,40.9,0.0,normal,B04,26,13,39
2026-02-21 10:00:00+00:00,34.4,42.8,0.0,normal,B04,18,18,36
2026-02-21 11:00:00+00:00,37.2,30.7,0.0,normal,B04,36,31,67
2026-02-21 12:00:00+00:00,34.5,32.2,0.0,normal,B04,35,38,73
2026-02-21 13:00:00+00:00,36.6,40.9,0.0,normal,B04,57,49,106
2026-02-21 14:00:00+00:00,40.1,27.6,0.0,normal,B04,74,70,144
2026-02-21 15:00:00+00:00,37.0,35.8,0.0,normal,B04,82,74,156
2026-02-21 16:00:00+00:00,37.2,38.9,0.0,normal,B04,95,72,167
2026-02-21 17:00:00+00:00,35.6,41.4,0.0,normal,B04,100,80,180
2026-02-21 18:00:00+00:00,34.9,41.9,0.0,normal,B04,112,102,214
2026-02-21 19:00:00+00:00,33.7,36.4,0.0,normal,B04,131,82,213
2026-02-21 20:00:00+00:00,35.7,41.8,0.0,normal,B04,122,80,202
2026-02-21 21:00:00+00:00,28.8,44.5,0.0,normal,B04,114,68,182
2026-02-21 22:00:00+00:00,32.1,35.9,0.0,normal,B04,90,43,133
2026-02-21 23:00:00+00:00,30.4,47.7,0.0,normal,B04,54,31,85
2026-02-22 00:00:00+00:00,27.5,48.7,0.0,normal,B04,37,7,44
2026-02-22 01:00:00+00:00,24.9,61.4,0.0,normal,B04,31,13,44
2026-02-22 02:00:00+00:00,27.4,52.9,0.0,normal,B04,45,9,54
2026-02-22 03:00:00+00:00,29.0,53.3,0.0,normal,B04,43,11,54
2026-02-22 04:00:00+00:00,27.9,49.1,0.0,normal,B04,37,7,44
2026-02-22 05:00:00+00:00,30.2,49.0,0.0,normal,B04,44,12,56
2026-02-22 06:00:00+00:00,32.1,39.4,0.0,normal,B04,41,14,55
2026-02-22 07:00:00+00:00,30.6,50.9,0.0,normal,B04,39,15,54
2026-02-22 08:00:00+00:00,29.9,53.1,0.0,normal,B04,43,21,64
2026-02-22 09:00:00+00:00,33.8,39.4,0.0,normal,B04,38,16,54
2026-02-22 11:00:00+00:00,38.4,36.3,0.0,normal,B04,65,40,105
2026-02-22 12:00:00+00:00,38.0,33.5,0.0,normal,B04,82,61,143
2026-02-22 13:00:00+00:00,35.6,32.4,0.0,normal,B04,118,86,204
2026-02-22 14:00:00+00:00,37.4,36.2,0.0,normal,B04,163,101,264
2026-02-22 15:00:00+00:00,37.8,38.2,0.0,normal,B04,170,104,274
2026-02-22 16:00:00+00:00,38.0,33.3,0.0,normal,B04,182,102,284
2026-02-22 18:00:00+00:00,34.8,47.2,0.0,normal,B04,200,136,336
2026-02-22 19:00:00+00:00,36.0,45.1,0.0,normal,B04,200,138,338
2026-02-22 20:00:00+00:00,32.7,45.8,0.0,normal,B04,200,132,332
2026-02-22 21:00:00+00:00,29.4,49.8,0.0,normal,B04,200,95,295
2026-02-22 22:00:00+00:00,30.2,38.0,0.0,normal,B04,179,72,251
2026-02-22 23:00:00+00:00,30.9,34.6,0.0,normal,B04,123,38,161
2026-02-23 00:00:00+00:00,25.8,53.1,0.0,normal,B04,42,10,52
2026-02-23 01:00:00+00:00,29.0,51.3,0.0,normal,B04,34,14,48
2026-02-23 02:00:00+00:00,29.1,53.7,0.0,normal,B04,40,13,53
2026-02-23 03:00:00+00:00,29.2,45.5,0.0,normal,B04,41,14,55
2026-02-23 04:00:00+00:00,28.6,45.7,0.0,normal,B04,46,18,64
2026-02-23 05:00:00+00:00,29.9,39.6,0.0,normal,B04,31,12,43
2026-02-23 06:00:00+00:00,31.0,43.0,0.0,normal,B04,39,22,61
2026-02-23 07:00:00+00:00,32.1,43.2,0.0,normal,B04,37,19,56
2026-02-23 08:00:00+00:00,29.3,41.5,0.0,normal,B04,33,14,47
2026-02-23 09:00:00+00:00,34.1,38.5,0.0,normal,B04,46,24,70
2026-02-23 10:00:00+00:00,35.9,37.7,0.0,normal,B04,56,32,88
2026-02-23 11:00:00+00:00,38.8,33.3,0.0,normal,B04,67,43,110
2026-02-23 12:00:00+00:00,36.9,26.7,0.0,normal,B04,88,68,156
2026-02-23 13:00:00+00:00,35.8,39.0,0.0,normal,B04,125,83,208
2026-02-23 14:00:00+00:00,39.6,38.3,0.0,normal,B04,153,100,253
2026-02-23 15:00:00+00:00,36.6,33.6,0.0,normal,B04,179,107,286
2026-02-23 16:00:00+00:00,37.7,43.7,0.0,normal,B04,181,114,295
2026-02-23 17:00:00+00:00,36.7,42.7,0.0,normal,B04,200,117,317
2026-02-23 18:00:00+00:00,35.8,42.1,0.0,normal,B04,200,135,335
2026-02-23 19:00:00+00:00,35.8,37.1,0.0,normal,B04,200,138,338
2026-02-23 20:00:00+00:00,31.5,41.4,0.0,normal,B04,200,124,324
2026-02-23 21:00:00+00:00,34.0,43.5,0.0,normal,B04,200,86,286
2026-02-23 22:00:00+00:00,29.9,43.5,0.0,normal,B04,175,70,245
2026-02-23 23:00:00+00:00,26.9,56.9,0.0,normal,B04,111,39,150
2026-02-24 00:00:00+00:00,30.1,44.1,0.0,normal,B04,34,9,43
2026-02-24 01:00:00+00:00,28.6,36.3,0.0,normal,B04,44,24,68
2026-02-24 02:00:00+00:00,27.4,55.6,0.0,normal,B04,39,19,58
2026-02-24 03:00:00+00:00,29.8,47.0,0.0,normal,B04,27,9,36
2026-02-24 04:00:00+00:00,28.8,50.8,0.0,normal,B04,33,20,53
2026-02-24 06:00:00+00:00,30.6,46.1,0.0,normal,B04,42,8,50
2026-02-24 07:00:00+00:00,33.5,32.5,0.0,normal,B04,35,27,62
2026-02-24 08:00:00+00:00,32.9,40.2,0.0,normal,B04,34,10,44
2026-02-24 09:00:00+00:00,32.8,43.3,0.0,normal,B04,42,26,68
2026-02-24 10:00:00+00:00,36.7,33.4,0.0,normal,B04,57,31,88
2026-02-24 11:00:00+00:00,39.7,28.8,0.0,normal,B04,64,44,108
2026-02-24 12:00:00+00:00,36.8,32.5,0.0,normal,B04,85,67,152
2026-02-24 13:00:00+00:00,36.7,32.1,0.0,normal,B04,119,95,214
2026-02-24 14:00:00+00:00,36.0,35.1,0.0,normal,B04,146,92,238
2026-02-24 15:00:00+00:00,38.0,21.5,0.0,normal,B04,174,99,273
2026-02-24 16:00:00+00:00,37.3,34.3,0.0,normal,B04,193,114,307
2026-02-24 17:00:00+00:00,37.4,39.9,0.0,normal,B04,200,120,320
2026-02-24 18:00:00+00:00,36.9,31.6,0.0,normal,B04,200,139,339
2026-02-24 19:00:00+00:00,33.3,42.9,0.0,normal,B04,200,147,347
2026-02-24 20:00:00+00:00,32.3,35.4,0.0,normal,B04,200,127,327
2026-02-24 21:00:00+00:00,35.4,35.4,0.0,normal,B04,200,94,294
2026-02-24 22:00:00+00:00,29.7,34.5,0.0,normal,B04,172,56,228
2026-02-24 23:00:00+00:00,30.9,38.8,0.0,normal,B04,120,33,153
2026-02-25 00:00:00+00:00,28.9,51.5,0.0,normal,B04,45,17,62
2026-02-25 01:00:00+00:00,26.9,50.0,0.0,normal,B04,33,11,44
2026-02-25 02:00:00+00:00,30.5,32.0,0.0,normal,B04,40,8,48
2026-02-25 03:00:00+00:00,27.2,44.7,0.0,normal,B04,42,13,55
2026-02-25 04:00:00+00:00,28.6,46.9,0.0,normal,B04,36,25,61
2026-02-25 05:00:00+00:00,28.1,44.6,0.0,normal,B04,37,22,59
2026-02-25 06:00:00+00:00,29.6,43.9,0.0,normal,B04,46,21,67
2026-02-25 07:00:00+00:00,32.2,46.2,0.0,normal,B04,35,13,48
2026-02-25 08:00:00+00:00,34.8,41.1,0.0,normal,B04,45,15,60
2026-02-25 09:00:00+00:00,33.2,40.2,0.0,normal,B04,40,26,66
2026-02-25 10:00:00+00:00,39.3,36.2,0.0,normal,B04,48,34,82
2026-02-25 11:00:00+00:00,36.1,43.8,0.0,normal,B04,64,43,107
2026-02-25 12:00:00+00:00,37.0,31.2,0.0,normal,B04,73,64,137
2026-02-25 13:00:00+00:00,40.1,23.2,0.0,normal,B04,124,81,205
2026-02-25 14:00:00+00:00,35.3,41.7,0.0,normal,B04,145,100,245
2026-02-25 15:00:00+00:00,38.1,33.5,0.0,normal,B04,171,98,269
2026-02-25 16:00:00+00:00,37.0,33.3,0.0,normal,B04,193,112,305
2026-02-25 17:00:00+00:00,36.1,32.8,0.0,normal,B04,200,119,319
2026-02-25 18:00:00+00:00,35.1,35.2,0.0,normal,B04,200,141,341
2026-02-25 19:00:00+00:00,33.3,37.4,0.0,normal,B04,200,129,329
2026-02-25 20:00:00+00:00,29.5,49.2,0.0,normal,B04,200,124,324
2026-02-25 21:00:00+00:00,32.5,40.8,0.0,normal,B04,200,94,294
2026-02-25 22:00:00+00:00,31.1,44.8,0.0,normal,B04,170,59,229
2026-02-25 23:00:00+00:00,28.6,44.4,0.0,normal,B04,124,43,167
2026-02-26 00:00:00+00:00,29.8,46.4,0.0,normal,B04,32,17,49
2026-02-26 01:00:00+00:00,31.5,50.8,0.0,normal,B04,33,19,52
2026-02-26 02:00:00+00:00,29.7,41.6,0.0,normal,B04,41,20,61
2026-02-26 03:00:00+00:00,27.6,43.5,0.0,normal,B04,42,6,48
2026-02-26 04:00:00+00:00,29.4,32.2,0.0,normal,B04,41,21,62
2026-02-26 05:00:00+00:00,29.1,44.8,0.0,normal,B04,46,8,54
2026-02-26 06:00:00+00:00,28.5,51.2,0.0,normal,B04,37,21,58
2026-02-26 07:00:00+00:00,30.3,45.9,0.0,normal,B04,40,19,59
2026-02-26 08:00:00+00:00,37.5,25.7,0.0,normal,B04,41,10,51
2026-02-26 09:00:00+00:00,34.4,36.4,0.0,normal,B04,45,27,72
2026-02-26 10:00:00+00:00,34.9,41.4,0.0,normal,B04,47,29,76
2026-02-26 11:00:00+00:00,38.5,36.1,0.0,normal,B04,52,41,93
2026-02-26 12:00:00+00:00,36.6,47.3,0.0,normal,B04,88,64,152
2026-02-26 13:00:00+00:00,35.5,31.6,0.0,normal,B04,118,80,198
2026-02-26 14:00:00+00:00,38.6,32.6,0.0,normal,B04,145,109,254
2026-02-26 15:00:00+00:00,37.0,59.6,9.2,normal,B04,179,108,287
2026-02-26 16:00:00+00:00,38.1,30.7,0.0,normal,B04,183,108,291
2026-02-26 17:00:00+00:00,36.1,33.7,0.0,normal,B04,198,117,315
2026-02-26 18:00:00+00:00,36.4,33.3,0.0,normal,B04,200,136,336
2026-02-26 19:00:00+00:00,35.0,47.8,0.0,normal,B04,200,132,332
2026-02-26 20:00:00+00:00,34.6,36.4,0.0,normal,B04,200,124,324
2026-02-26 21:00:00+00:00,33.8,37.2,0.0,normal,B04,200,90,290
2026-02-26 22:00:00+00:00,27.8,43.3,0.0,normal,B04,168,55,223
2026-02-26 23:00:00+00:00,27.0,47.8,0.0,normal,B04,108,45,153
2026-02-27 00:00:00+00:00,29.1,54.7,0.0,normal,B04,49,16,65
2026-02-27 01:00:00+00:00,29.1,45.3,0.0,normal,B04,45,10,55
2026-02-27 03:00:00+00:00,28.9,50.5,0.0,normal,B04,37,18,55
2026-02-27 04:00:00+00:00,26.9,55.4,0.0,normal,B04,42,18,60
2026-02-27 05:00:00+00:00,30.4,42.4,0.0,normal,B04,48,9,57
2026-02-27 06:00:00+00:00,31.9,53.6,0.0,normal,B04,34,14,48
2026-02-27 07:00:00+00:00,32.4,42.7,0.0,normal,B04,40,20,60
2026-02-27 08:00:00+00:00,32.7,36.7,0.0,normal,B04,41,12,53
2026-02-27 09:00:00+00:00,35.9,31.8,0.0,normal,B04,33,19,52
2026-02-27 10:00:00+00:00,36.0,33.6,0.0,normal,B04,52,24,76
2026-02-27 11:00:00+00:00,37.7,35.2,0.0,normal,B04,65,51,116
2026-02-27 12:00:00+00:00,39.2,48.5,0.6,normal,B04,78,72,150
2026-02-27 13:00:00+00:00,40.2,27.5,0.0,normal,B04,128,78,206
2026-02-27 14:00:00+00:00,37.8,30.6,0.0,normal,B04,159,99,258
2026-02-27 15:00:00+00:00,39.7,35.3,0.0,normal,B04,176,95,271
2026-02-27 16:00:00+00:00,39.8,35.3,0.0,normal,B04,184,110,294
2026-02-27 17:00:00+00:00,34.5,39.7,0.0,normal,B04,200,122,322
2026-02-27 18:00:00+00:00,34.3,36.0,0.0,normal,B04,200,131,331
2026-02-27 19:00:00+00:00,34.4,61.7,2.6,normal,B04,200,140,340
2026-02-27 20:00:00+00:00,34.4,38.1,0.0,normal,B04,200,120,320
2026-02-27 21:00:00+00:00,32.5,35.6,0.0,normal,B04,200,101,301
2026-02-27 22:00:00+00:00,34.6,38.8,0.0,normal,B04,178,67,245
2026-02-27 23:00:00+00:00,30.0,48.6,0.0,normal,B04,109,33,142
2026-02-28 00:00:00+00:00,29.9,46.3,0.0,normal,B04,41,15,56
2026-02-28 01:00:00+00:00,27.5,51.1,0.0,normal,B04,36,18,54
2026-02-28 02:00:00+00:00,31.3,49.7,0.0,normal,B04,40,17,57
2026-02-28 03:00:00+00:00,31.1,40.9,0.0,normal,B04,38,11,49
2026-02-28 04:00:00+00:00,27.7,47.8,0.0,normal,B04,43,16,59
2026-02-28 05:00:00+00:00,30.0,50.4,0.0,normal,B04,34,15,49
2026-02-28 06:00:00+00:00,28.5,55.0,0.0,normal,B04,38,11,49
2026-02-28 07:00:00+00:00,32.0,39.9,0.0,normal,B04,39,13,52
2026-02-28 08:00:00+00:00,32.0,33.8,0.0,normal,B04,39,24,63
2026-02-28 09:00:00+00:00,36.0,36.3,0.0,normal,B04,45,25,70
2026-02-28 10:00:00+00:00,34.1,32.4,0.0,normal,B04,46,26,72
2026-02-28 11:00:00+00:00,36.5,43.6,0.0,normal,B04,65,34,99
2026-02-28 12:00:00+00:00,37.4,26.3,0.0,normal,B04,82,67,149
2026-02-28 13:00:00+00:00,38.0,31.7,0.0,normal,B04,122,83,205
2026-02-28 14:00:00+00:00,34.5,38.0,0.0,normal,B04,153,96,249
2026-02-28 15:00:00+00:00,38.0,36.5,0.0,normal,B04,181,110,291
2026-02-28 16:00:00+00:00,40.6,34.7,0.0,normal,B04,180,106,286
2026-02-28 17:00:00+00:00,36.6,29.5,0.0,normal,B04,200,122,322
2026-02-28 18:00:00+00:00,39.9,30.5,0.0,normal,B04,200,133,333
2026-02-28 19:00:00+00:00,34.8,37.7,0.0,normal,B04,200,138,338
2026-02-28 20:00:00+00:00,33.8,38.6,0.0,normal,B04,200,126,326
2026-02-28 21:00:00+00:00,31.3,40.3,0.0,normal,B04,200,90,290
2026-02-28 22:00:00+00:00,30.1,60.9,4.2,normal,B04,169,62,231
2026-02-28 23:00:00+00:00,32.0,28.6,0.0,normal,B04,121,37,158
2026-03-01 00:00:00+00:00,26.1,44.6,0.0,exam_week,B04,32,16,48
2026-03-01 01:00:00+00:00,27.0,50.5,0.0,exam_week,B04,37,21,58
2026-03-01 02:00:00+00:00,29.0,45.2,0.0,exam_week,B04,39,12,51
2026-03-01 03:00:00+00:00,28.5,49.8,0.0,exam_week,B04,37,18,55
2026-03-01 04:00:00+00:00,30.5,37.6,0.0,exam_week,B04,34,10,44
2026-03-01 05:00:00+00:00,29.5,45.4,0.0,exam_week,B04,38,17,55
2026-03-01 06:00:00+00:00,31.8,38.4,0.0,exam_week,B04,40,15,55
2026-03-01 07:00:00+00:00,32.2,41.9,0.0,exam_week,B04,43,10,53
2026-03-01 08:00:00+00:00,32.5,37.6,0.0,exam_week,B04,44,20,64
2026-03-01 09:00:00+00:00,35.0,36.8,0.0,exam_week,B04,50,35,85
2026-03-01 10:00:00+00:00,36.8,29.5,0.0,exam_week,B04,51,34,85
2026-03-01 11:00:00+00:00,36.6,34.0,0.0,exam_week,B04,59,47,106
2026-03-01 12:00:00+00:00,39.1,26.6,0.0,exam_week,B04,96,58,154
2026-03-01 13:00:00+00:00,38.8,33.1,0.0,exam_week,B04,126,88,214
2026-03-01 14:00:00+00:00,41.1,23.4,0.0,exam_week,B04,157,101,258
2026-03-01 15:00:00+00:00,37.4,29.2,0.0,exam_week,B04,168,96,264
2026-03-01 16:00:00+00:00,33.2,65.7,11.2,exam_week,B04,186,105,291
2026-03-01 17:00:00+00:00,36.3,40.7,0.0,exam_week,B04,200,118,318
2026-03-01 18:00:00+00:00,35.0,30.4,0.0,exam_week,B04,200,139,339
2026-03-01 19:00:00+00:00,32.5,44.2,0.0,exam_week,B04,200,136,336
2026-03-01 20:00:00+00:00,31.7,51.3,0.0,exam_week,B04,200,124,324
2026-03-01 21:00:00+00:00,29.2,54.7,0.0,exam_week,B04,200,97,297
2026-03-01 22:00:00+00:00,31.4,42.4,0.0,exam_week,B04,169,65,234
2026-03-01 23:00:00+00:00,29.2,48.1,0.0,exam_week,B04,123,36,159
2026-03-02 00:00:00+00:00,29.3,51.6,0.0,exam_week,B04,42,19,61
2026-03-02 01:00:00+00:00,29.0,47.2,0.0,exam_week,B04,35,11,46
2026-03-02 02:00:00+00:00,28.1,47.5,0.0,exam_week,B04,34,23,57
2026-03-02 03:00:00+00:00,29.3,37.5,0.0,exam_week,B04,37,24,61
2026-03-02 04:00:00+00:00,27.3,52.7,0.0,exam_week,B04,40,4,44
2026-03-02 05:00:00+00:00,30.4,43.5,0.0,exam_week,B04,43,17,60
2026-03-02 06:00:00+00:00,31.2,44.9,0.0,exam_week,B04,38,14,52
2026-03-02 07:00:00+00:00,31.6,38.8,0.0,exam_week,B04,46,15,61
2026-03-02 08:00:00+00:00,34.0,34.2,0.0,exam_week,B04,39,6,45
2026-03-02 09:00:00+00:00,35.6,28.1,0.0,exam_week,B04,47,21,68
2026-03-02 10:00:00+00:00,37.7,35.8,0.0,exam_week,B04,50,32,82
2026-03-02 11:00:00+00:00,37.6,38.5,0.0,exam_week,B04,65,38,103
2026-03-02 12:00:00+00:00,40.5,34.3,0.0,exam_week,B04,85,66,151
2026-03-02 13:00:00+00:00,35.7,30.0,0.0,exam_week,B04,120,76,196
2026-03-02 14:00:00+00:00,37.7,33.5,0.0,exam_week,B04,149,105,254
2026-03-02 15:00:00+00:00,39.3,27.5,0.0,exam_week,B04,157,92,249
2026-03-02 16:00:00+00:00,38.3,28.8,0.0,exam_week,B04,185,113,298
2026-03-02 17:00:00+00:00,36.3,28.5,0.0,exam_week,B04,197,128,325
2026-03-02 18:00:00+00:00,33.5,51.1,6.3,exam_week,B04,200,141,341
2026-03-02 19:00:00+00:00,35.8,27.5,0.0,exam_week,B04,200,136,336
2026-03-02 20:00:00+00:00,36.8,33.3,0.0,exam_week,B04,200,116,316
2026-03-02 21:00:00+00:00,32.5,42.1,0.0,exam_week,B04,200,97,297
2026-03-02 22:00:00+00:00,32.1,34.3,0.0,exam_week,B04,162,63,225
2026-03-02 23:00:00+00:00,30.1,41.5,0.0,exam_week,B04,120,31,151
2026-03-03 00:00:00+00:00,26.9,54.6,0.0,exam_week,B04,38,17,55
2026-03-03 01:00:00+00:00,28.4,48.6,0.0,exam_week,B04,36,20,56
2026-03-03 02:00:00+00:00,29.0,44.8,0.0,exam_week,B04,34,13,47
2026-03-03 03:00:00+00:00,31.9,41.9,0.0,exam_week,B04,38,13,51
2026-03-03 04:00:00+00:00,27.1,47.4,0.0,exam_week,B04,41,10,51
2026-03-03 05:00:00+00:00,31.0,46.2,0.0,exam_week,B04,36,9,45
2026-03-03 06:00:00+00:00,29.6,50.2,0.0,exam_week,B04,40,18,58
2026-03-03 07:00:00+00:00,29.8,51.0,0.0,exam_week,B04,38,11,49
2026-03-03 08:00:00+00:00,31.8,41.2,0.0,exam_week,B04,36,19,55
2026-03-03 09:00:00+00:00,36.6,35.6,0.0,exam_week,B04,32,19,51
2026-03-03 10:00:00+00:00,37.5,36.9,0.0,exam_week,B04,44,25,69
2026-03-03 11:00:00+00:00,39.2,36.5,0.0,exam_week,B04,66,44,110
2026-03-03 12:00:00+00:00,37.4,37.1,0.0,exam_week,B04,83,67,150
2026-03-03 13:00:00+00:00,36.3,35.3,0.0,exam_week,B04,122,91,213
2026-03-03 14:00:00+00:00,40.0,30.7,0.0,exam_week,B04,153,96,249
2026-03-03 15:00:00+00:00,39.3,30.0,0.0,exam_week,B04,183,113,296
2026-03-03 16:00:00+00:00,39.8,29.9,0.0,exam_week,B04,198,117,315
2026-03-03 17:00:00+00:00,36.6,39.5,0.0,exam_week,B04,200,111,311
2026-03-03 18:00:00+00:00,34.2,41.3,0.0,exam_week,B04,200,137,337
2026-03-03 19:00:00+00:00,33.5,46.2,0.0,exam_week,B04,200,142,342
2026-03-03 20:00:00+00:00,33.0,60.6,1.9,exam_week,B04,200,130,330
2026-03-03 21:00:00+00:00,34.6,39.0,0.0,exam_week,B04,200,99,299
2026-03-03 22:00:00+00:00,32.8,33.4,0.0,exam_week,B04,175,62,237
2026-03-03 23:00:00+00:00,30.6,48.5,0.0,exam_week,B04,125,41,166
2026-03-04 00:00:00+00:00,29.6,50.9,0.0,exam_week,B04,56,11,67
2026-03-04 01:00:00+00:00,28.2,54.7,0.0,exam_week,B04,40,15,55
2026-03-04 02:00:00+00:00,32.3,39.8,0.0,exam_week,B04,45,15,60
2026-03-04 03:00:00+00:00,28.3,54.8,0.0,exam_week,B04,33,1,34
2026-03-04 04:00:00+00:00,31.9,39.6,0.0,exam_week,B04,35,17,52
2026-03-04 05:00:00+00:00,29.7,44.1,0.0,exam_week,B04,41,10,51
2026-03-04 06:00:00+00:00,29.3,41.4,0.0,exam_week,B04,38,8,46
2026-03-04 07:00:00+00:00,31.0,39.6,0.0,exam_week,B04,37,20,57
2026-03-04 08:00:00+00:00,33.8,40.5,0.0,exam_week,B04,36,22,58
2026-03-04 09:00:00+00:00,37.5,28.8,0.0,exam_week,B04,33,17,50
2026-03-04 10:00:00+00:00,37.8,32.2,0.0,exam_week,B04,58,16,74
2026-03-04 11:00:00+00:00,37.3,37.4,0.0,exam_week,B04,62,48,110
2026-03-04 12:00:00+00:00,36.5,37.2,0.0,exam_week,B04,88,70,158
2026-03-04 13:00:00+00:00,38.9,34.1,0.0,exam_week,B04,125,82,207
2026-03-04 14:00:00+00:00,39.3,43.4,0.0,exam_week,B04,156,97,253
2026-03-04 15:00:00+00:00,37.7,30.8,0.0,exam_week,B04,176,102,278
2026-03-04 16:00:00+00:00,37.2,31.4,0.0,exam_week,B04,198,109,307
2026-03-04 17:00:00+00:00,36.4,61.3,0.3,exam_week,B04,193,128,321
2026-03-04 18:00:00+00:00,35.8,30.5,0.0,exam_week,B04,200,142,342
2026-03-04 19:00:00+00:00,36.3,40.7,0.0,exam_week,B04,200,134,334
2026-03-04 20:00:00+00:00,34.4,36.6,0.0,exam_week,B04,200,119,319
2026-03-04 21:00:00+00:00,31.5,39.2,0.0,exam_week,B04,200,94,294
2026-03-04 22:00:00+00:00,34.9,42.4,0.0,exam_week,B04,169,57,226
2026-03-04 23:00:00+00:00,29.0,47.3,0.0,exam_week,B04,111,42,153
2026-03-05 00:00:00+00:00,29.0,49.4,0.0,exam_week,B04,47,11,58
2026-03-05 01:00:00+00:00,29.9,50.6,0.0,exam_week,B04,46,16,62
2026-03-05 02:00:00+00:00,27.6,49.1,0.0,exam_week,B04,43,18,61
2026-03-05 03:00:00+00:00,26.5,44.0,0.0,exam_week,B04,37,11,48
2026-03-05 04:00:00+00:00,30.9,38.9,0.0,exam_week,B04,39,14,53
2026-03-05 05:00:00+00:00,28.9,66.3,1.2,exam_week,B04,44,16,60
2026-03-05 06:00:00+00:00,30.6,45.2,0.0,exam_week,B04,40,17,57
2026-03-05 07:00:00+00:00,32.6,47.0,0.0,exam_week,B04,35,18,53
2026-03-05 08:00:00+00:00,37.7,30.8,0.0,exam_week,B04,41,35,76
2026-03-05 09:00:00+00:00,34.5,43.5,0.0,exam_week,B04,36,22,58
2026-03-05 10:00:00+00:00,37.4,43.1,0.0,exam_week,B04,45,30,75
2026-03-05 11:00:00+00:00,38.3,30.7,0.0,exam_week,B04,69,54,123
2026-03-05 12:00:00+00:00,39.1,36.8,0.0,exam_week,B04,84,64,148
2026-03-05 13:00:00+00:00,40.0,32.6,0.0,exam_week,B04,110,94,204
2026-03-05 14:00:00+00:00,40.5,35.1,0.0,exam_week,B04,149,90,239
2026-03-05 15:00:00+00:00,40.8,32.0,0.0,exam_week,B04,175,99,274
2026-03-05 16:00:00+00:00,38.0,33.7,0.0,exam_week,B04,181,108,289
2026-03-05 17:00:00+00:00,39.3,27.0,0.0,exam_week,B04,200,132,332
2026-03-05 18:00:00+00:00,37.0,32.6,0.0,exam_week,B04,200,136,336
2026-03-05 19:00:00+00:00,35.3,43.5,0.0,exam_week,B04,200,138,338
2026-03-05 20:00:00+00:00,34.2,38.9,0.0,exam_week,B04,200,128,328
2026-03-05 21:00:00+00:00,30.6,47.9,0.0,exam_week,B04,200,97,297
2026-03-05 22:00:00+00:00,32.4,52.2,0.0,exam_week,B04,175,64,239
2026-03-05 23:00:00+00:00,29.9,46.2,0.0,exam_week,B04,121,31,152
2026-03-06 00:00:00+00:00,30.0,52.8,0.0,exam_week,B04,34,20,54
2026-03-06 01:00:00+00:00,29.0,47.9,0.0,exam_week,B04,40,20,60
2026-03-06 02:00:00+00:00,29.9,46.1,0.0,exam_week,B04,44,11,55
2026-03-06 03:00:00+00:00,28.5,48.2,0.0,exam_week,B04,46,22,68
2026-03-06 04:00:00+00:00,31.3,38.0,0.0,exam_week,B04,39,22,61
2026-03-06 05:00:00+00:00,30.7,40.5,0.0,exam_week,B04,38,17,55
2026-03-06 06:00:00+00:00,33.3,32.5,0.0,exam_week,B04,45,12,57
2026-03-06 07:00:00+00:00,31.9,44.1,0.0,exam_week,B04,39,12,51
2026-03-06 08:00:00+00:00,36.3,35.2,0.0,exam_week,B04,39,24,63
2026-03-06 09:00:00+00:00,34.5,47.7,0.0,exam_week,B04,42,20,62
2026-03-06 10:00:00+00:00,34.3,27.5,0.0,exam_week,B04,52,25,77
2026-03-06 11:00:00+00:00,38.2,30.2,0.0,exam_week,B04,57,42,99
2026-03-06 12:00:00+00:00,36.8,38.3,0.0,exam_week,B04,85,63,148
2026-03-06 13:00:00+00:00,39.2,28.4,0.0,exam_week,B04,125,76,201
2026-03-06 14:00:00+00:00,37.1,38.7,0.0,exam_week,B04,161,105,266
2026-03-06 15:00:00+00:00,39.8,29.8,0.0,exam_week,B04,164,106,270
2026-03-06 16:00:00+00:00,41.1,23.0,0.0,exam_week,B04,180,112,292
2026-03-06 17:00:00+00:00,35.2,33.7,0.0,exam_week,B04,193,120,313
2026-03-06 18:00:00+00:00,36.4,36.6,0.0,exam_week,B04,200,139,339
2026-03-06 19:00:00+00:00,34.9,39.4,0.0,exam_week,B04,200,140,340
2026-03-06 20:00:00+00:00,32.1,49.0,0.0,exam_week,B04,200,128,328
2026-03-06 21:00:00+00:00,32.6,46.7,0.0,exam_week,B04,200,93,293
2026-03-06 22:00:00+00:00,32.0,44.3,0.0,exam_week,B04,181,66,247
2026-03-06 23:00:00+00:00,31.3,45.3,0.0,exam_week,B04,115,40,155
2026-03-07 00:00:00+00:00,30.7,50.6,0.0,exam_week,B04,43,18,61
2026-03-07 01:00:00+00:00,29.5,49.2,0.0,exam_week,B04,40,26,66
2026-03-07 02:00:00+00:00,28.9,53.8,0.0,exam_week,B04,42,4,46
2026-03-07 03:00:00+00:00,28.2,56.7,0.0,exam_week,B04,29,7,36
2026-03-07 04:00:00+00:00,29.7,38.3,0.0,exam_week,B04,42,19,61
2026-03-07 05:00:00+00:00,30.7,40.5,0.0,exam_week,B04,47,14,61
2026-03-07 06:00:00+00:00,32.8,37.5,0.0,exam_week,B04,39,18,57
2026-03-07 07:00:00+00:00,32.1,32.4,0.0,exam_week,B04,39,18,57
2026-03-07 08:00:00+00:00,33.4,27.8,0.0,exam_week,B04,37,18,55
2026-03-07 09:00:00+00:00,33.0,44.3,0.0,exam_week,B04,41,28,69
2026-03-07 10:00:00+00:00,37.7,35.5,0.0,exam_week,B04,52,39,91
2026-03-07 11:00:00+00:00,35.9,55.5,1.4,exam_week,B04,65,42,107
2026-03-07 12:00:00+00:00,42.0,26.9,0.0,exam_week,B04,84,62,146
2026-03-07 13:00:00+00:00,39.7,39.4,0.0,exam_week,B04,125,87,212
2026-03-07 14:00:00+00:00,37.8,33.6,0.0,exam_week,B04,152,104,256
2026-03-07 15:00:00+00:00,38.5,31.8,0.0,exam_week,B04,179,108,287
2026-03-07 16:00:00+00:00,38.1,29.1,0.0,exam_week,B04,184,105,289
2026-03-07 17:00:00+00:00,37.9,27.8,0.0,exam_week,B04,200,126,326
2026-03-07 18:00:00+00:00,38.1,36.0,0.0,exam_week,B04,200,129,329
2026-03-07 19:00:00+00:00,34.6,35.8,0.0,exam_week,B04,200,133,333
2026-03-07 20:00:00+00:00,34.5,34.3,0.0,exam_week,B04,200,124,324
2026-03-07 21:00:00+00:00,35.5,38.5,0.0,exam_week,B04,200,98,298
2026-03-07 22:00:00+00:00,32.2,45.2,0.0,exam_week,B04,171,62,233
2026-03-07 23:00:00+00:00,28.0,70.9,8.4,exam_week,B04,116,28,144
2026-03-08 00:00:00+00:00,31.8,43.3,0.0,normal,B04,0,0,0
2026-03-08 01:00:00+00:00,32.4,37.9,0.0,normal,B04,0,0,0
2026-03-08 02:00:00+00:00,31.7,43.4,0.0,normal,B04,0,0,0
2026-03-08 03:00:00+00:00,28.3,45.1,0.0,normal,B04,0,0,0
2026-03-08 04:00:00+00:00,29.3,48.1,0.0,normal,B04,0,0,0
2026-03-08 05:00:00+00:00,31.4,40.0,0.0,normal,B04,0,0,0
2026-03-08 06:00:00+00:00,31.6,53.3,0.0,normal,B04,20,0,20
2026-03-08 07:00:00+00:00,35.2,59.0,1.3,normal,B04,15,11,26
2026-03-08 08:00:00+00:00,32.4,44.1,0.0,normal,B04,21,15,36
2026-03-08 09:00:00+00:00,34.7,39.0,0.0,normal,B04,21,19,40
2026-03-08 10:00:00+00:00,37.0,52.0,6.5,normal,B04,27,21,48
2026-03-08 11:00:00+00:00,37.0,42.4,0.0,normal,B04,23,38,61
2026-03-08 12:00:00+00:00,36.6,27.7,0.0,normal,B04,37,44,81
2026-03-08 13:00:00+00:00,39.3,36.3,0.0,normal,B04,70,46,116
2026-03-08 14:00:00+00:00,41.7,25.2,0.0,normal,B04,74,53,127
2026-03-08 15:00:00+00:00,40.6,28.9,0.0,normal,B04,91,69,160
2026-03-08 16:00:00+00:00,38.2,37.1,0.0,normal,B04,90,70,160
2026-03-08 17:00:00+00:00,38.7,24.1,0.0,normal,B04,97,85,182
2026-03-08 18:00:00+00:00,38.9,38.6,0.0,normal,B04,105,90,195
2026-03-08 19:00:00+00:00,34.5,40.2,0.0,normal,B04,122,91,213
2026-03-08 20:00:00+00:00,34.9,39.0,0.0,normal,B04,125,77,202
2026-03-08 21:00:00+00:00,32.0,38.6,0.0,normal,B04,107,62,169
2026-03-08 22:00:00+00:00,31.6,48.5,0.0,normal,B04,78,39,117
2026-03-08 23:00:00+00:00,31.4,41.0,0.0,normal,B04,57,28,85
2026-03-09 00:00:00+00:00,30.6,49.2,2.2,normal,B04,0,0,0
2026-03-09 01:00:00+00:00,27.6,50.1,0.0,normal,B04,0,0,0
2026-03-09 02:00:00+00:00,29.8,44.9,0.0,normal,B04,0,0,0
2026-03-09 03:00:00+00:00,30.6,37.9,0.0,normal,B04,0,0,0
2026-03-09 04:00:00+00:00,31.5,39.1,0.0,normal,B04,0,0,0
2026-03-09 05:00:00+00:00,28.3,46.1,0.0,normal,B04,0,0,0
2026-03-09 06:00:00+00:00,28.6,48.4,0.0,normal,B04,25,15,40
2026-03-09 07:00:00+00:00,32.5,47.4,0.0,normal,B04,21,3,24
2026-03-09 08:00:00+00:00,35.2,30.3,0.0,normal,B04,14,13,27
2026-03-09 09:00:00+00:00,34.2,41.2,0.0,normal,B04,25,7,32
2026-03-09 10:00:00+00:00,37.3,59.1,3.2,normal,B04,31,25,56
2026-03-09 11:00:00+00:00,38.3,34.7,0.0,normal,B04,38,30,68
2026-03-09 12:00:00+00:00,40.1,31.1,0.0,normal,B04,37,46,83
2026-03-09 13:00:00+00:00,38.7,31.0,0.0,normal,B04,59,56,115
2026-03-09 14:00:00+00:00,39.1,31.2,0.0,normal,B04,83,63,146
2026-03-09 15:00:00+00:00,40.1,30.1,0.0,normal,B04,89,68,157
2026-03-09 16:00:00+00:00,39.6,30.1,0.0,normal,B04,90,71,161
2026-03-09 17:00:00+00:00,37.9,23.2,0.0,normal,B04,95,76,171
2026-03-09 18:00:00+00:00,38.1,34.6,0.0,normal,B04,119,91,210
2026-03-09 19:00:00+00:00,37.0,20.0,0.0,normal,B04,123,90,213
2026-03-09 20:00:00+00:00,37.3,33.3,0.0,normal,B04,119,79,198
2026-03-09 21:00:00+00:00,34.6,32.9,0.0,normal,B04,107,63,170
2026-03-09 22:00:00+00:00,32.6,35.8,0.0,normal,B04,85,50,135
2026-03-09 23:00:00+00:00,29.7,55.0,0.0,normal,B04,55,27,82
2026-03-10 00:00:00+00:00,29.7,46.6,0.0,normal,B04,0,0,0
2026-03-10 01:00:00+00:00,27.9,66.4,14.5,normal,B04,0,0,0
2026-03-10 02:00:00+00:00,29.2,56.2,0.0,normal,B04,0,0,0
2026-03-10 03:00:00+00:00,30.9,45.2,0.0,normal,B04,0,0,0
2026-03-10 04:00:00+00:00,29.3,46.4,0.0,normal,B04,0,0,0
2026-03-10 05:00:00+00:00,31.0,45.7,0.0,normal,B04,0,0,0
2026-03-10 06:00:00+00:00,30.2,48.1,0.0,normal,B04,9,7,16
2026-03-10 07:00:00+00:00,31.3,51.1,0.0,normal,B04,32,3,35
2026-03-10 08:00:00+00:00,33.1,41.8,0.0,normal,B04,24,13,37
2026-03-10 09:00:00+00:00,37.1,33.1,0.0,normal,B04,19,6,25
2026-03-10 10:00:00+00:00,37.3,41.2,0.0,normal,B04,22,15,37
2026-03-10 11:00:00+00:00,38.7,33.8,0.0,normal,B04,26,19,45
2026-03-10 12:00:00+00:00,36.1,31.2,0.0,normal,B04,43,40,83
2026-03-10 13:00:00+00:00,40.7,31.8,0.0,normal,B04,54,50,104
2026-03-10 14:00:00+00:00,40.4,32.6,0.0,normal,B04,72,69,141
2026-03-10 15:00:00+00:00,41.0,27.1,0.0,normal,B04,88,71,159
2026-03-10 16:00:00+00:00,38.8,26.7,0.0,normal,B04,89,83,172
2026-03-10 17:00:00+00:00,35.9,27.9,0.0,normal,B04,96,84,180
2026-03-10 18:00:00+00:00,35.4,44.6,0.0,normal,B04,114,90,204
2026-03-10 19:00:00+00:00,33.2,38.6,0.0,normal,B04,111,96,207
2026-03-10 20:00:00+00:00,32.3,38.5,0.0,normal,B04,125,75,200
2026-03-10 21:00:00+00:00,33.2,36.6,0.0,normal,B04,113,62,175
2026-03-10 22:00:00+00:00,33.4,47.6,0.0,normal,B04,88,34,122
2026-03-10 23:00:00+00:00,27.4,45.5,0.0,normal,B04,63,22,85
2026-03-11 00:00:00+00:00,30.1,50.5,0.0,normal,B04,0,0,0
2026-03-11 01:00:00+00:00,28.8,46.7,0.0,normal,B04,0,0,0
2026-03-11 02:00:00+00:00,27.6,40.9,0.0,normal,B04,0,0,0
2026-03-11 03:00:00+00:00,31.7,33.4,0.0,normal,B04,0,0,0
2026-03-11 04:00:00+00:00,33.5,43.4,0.0,normal,B04,0,0,0
2026-03-11 05:00:00+00:00,31.8,45.1,0.0,normal,B04,0,0,0
2026-03-11 06:00:00+00:00,31.5,44.8,0.0,normal,B04,14,13,27
2026-03-11 07:00:00+00:00,32.8,43.6,0.0,normal,B04,24,10,34
2026-03-11 08:00:00+00:00,34.3,33.8,0.0,normal,B04,23,8,31
2026-03-11 09:00:00+00:00,34.3,33.6,0.0,normal,B04,18,20,38
2026-03-11 10:00:00+00:00,38.3,29.5,0.0,normal,B04,12,9,21
2026-03-11 11:00:00+00:00,35.0,39.5,0.0,normal,B04,29,26,55
2026-03-11 12:00:00+00:00,40.9,32.5,0.0,normal,B04,49,41,90
2026-03-11 13:00:00+00:00,38.3,24.7,0.0,normal,B04,61,61,122
2026-03-11 14:00:00+00:00,39.1,30.5,0.0,normal,B04,81,60,141
2026-03-11 15:00:00+00:00,37.7,36.2,0.0,normal,B04,89,61,150
2026-03-11 16:00:00+00:00,41.4,29.0,0.0,normal,B04,97,72,169
2026-03-11 17:00:00+00:00,38.1,28.1,0.0,normal,B04,101,80,181
2026-03-11 18:00:00+00:00,38.9,31.2,0.0,normal,B04,108,93,201
2026-03-11 19:00:00+00:00,34.8,38.2,0.0,normal,B04,123,90,213
2026-03-11 20:00:00+00:00,35.0,38.1,0.0,normal,B04,117,80,197
2026-03-11 21:00:00+00:00,34.9,39.6,0.0,normal,B04,112,69,181
2026-03-11 22:00:00+00:00,31.4,44.9,0.0,normal,B04,85,37,122
2026-03-11 23:00:00+00:00,31.0,56.2,2.6,normal,B04,53,26,79
2026-03-12 00:00:00+00:00,28.2,44.2,0.0,normal,B04,0,0,0
2026-03-12 01:00:00+00:00,28.5,51.7,0.0,normal,B04,0,0,0
2026-03-12 02:00:00+00:00,29.0,52.8,0.0,normal,B04,0,0,0
2026-03-12 03:00:00+00:00,28.6,48.6,0.0,normal,B04,0,0,0
2026-03-12 04:00:00+00:00,28.8,57.5,0.0,normal,B04,0,0,0
2026-03-12 05:00:00+00:00,29.1,47.9,0.0,normal,B04,0,0,0
2026-03-12 06:00:00+00:00,32.8,42.8,0.0,normal,B04,18,6,24
2026-03-12 07:00:00+00:00,32.8,40.1,0.0,normal,B04,27,11,38
2026-03-12 08:00:00+00:00,33.5,57.6,4.7,normal,B04,22,8,30
2026-03-12 09:00:00+00:00,33.4,41.3,0.0,normal,B04,20,14,34
2026-03-12 10:00:00+00:00,39.1,22.9,0.0,normal,B04,21,23,44
2026-03-12 11:00:00+00:00,38.4,32.4,0.0,normal,B04,28,35,63
2026-03-12 12:00:00+00:00,39.4,27.1,0.0,normal,B04,47,46,93
2026-03-12 13:00:00+00:00,37.1,24.8,0.0,normal,B04,60,56,116
2026-03-12 14:00:00+00:00,40.9,34.2,0.0,normal,B04,81,63,144
2026-03-12 15:00:00+00:00,39.7,27.8,0.0,normal,B04,75,68,143
2026-03-12 16:00:00+00:00,36.3,38.4,0.0,normal,B04,90,70,160
2026-03-12 17:00:00+00:00,36.3,32.0,0.0,normal,B04,103,75,178
2026-03-12 18:00:00+00:00,36.0,35.0,0.0,normal,B04,108,91,199
2026-03-12 19:00:00+00:00,34.6,38.3,0.0,normal,B04,118,98,216
2026-03-12 20:00:00+00:00,33.5,43.3,0.0,normal,B04,132,83,215
2026-03-12 21:00:00+00:00,34.7,38.6,0.0,normal,B04,113,66,179
2026-03-12 22:00:00+00:00,32.6,51.7,0.0,normal,B04,87,50,137
2026-03-12 23:00:00+00:00,29.1,40.2,0.0,normal,B04,57,27,84
2026-03-13 00:00:00+00:00,31.2,53.0,0.0,normal,B04,0,0,0
2026-03-13 01:00:00+00:00,29.2,54.8,0.0,normal,B04,0,0,0
2026-03-13 02:00:00+00:00,29.6,42.2,0.0,normal,B04,0,0,0
2026-03-13 03:00:00+00:00,28.1,50.9,0.0,normal,B04,0,0,0
2026-03-13 04:00:00+00:00,28.8,47.3,0.0,normal,B04,0,0,0
2026-03-13 05:00:00+00:00,33.3,38.5,0.0,normal,B04,0,0,0
2026-03-13 06:00:00+00:00,33.9,33.0,0.0,normal,B04,18,16,34
2026-03-13 07:00:00+00:00,32.4,34.4,0.0,normal,B04,15,5,20
2026-03-13 08:00:00+00:00,34.6,42.1,0.0,normal,B04,20,18,38
2026-03-13 09:00:00+00:00,35.9,42.3,0.0,normal,B04,29,5,34
2026-03-13 10:00:00+00:00,35.8,37.4,0.0,normal,B04,29,20,49
2026-03-13 11:00:00+00:00,37.2,36.0,0.0,normal,B04,29,36,65
2026-03-13 12:00:00+00:00,39.5,33.6,0.0,normal,B04,47,47,94
2026-03-13 13:00:00+00:00,37.7,29.0,0.0,normal,B04,62,54,116
2026-03-13 14:00:00+00:00,38.4,31.2,0.0,normal,B04,77,67,144
2026-03-13 15:00:00+00:00,39.4,34.4,0.0,normal,B04,82,73,155
2026-03-13 16:00:00+00:00,37.5,25.7,0.0,normal,B04,100,81,181
2026-03-13 17:00:00+00:00,41.2,22.5,0.0,normal,B04,94,81,175
2026-03-13 18:00:00+00:00,38.2,32.8,0.0,normal,B04,113,91,204
2026-03-13 19:00:00+00:00,36.1,35.8,0.0,normal,B04,118,99,217
2026-03-13 20:00:00+00:00,33.9,41.5,0.0,normal,B04,123,76,199
2026-03-13 21:00:00+00:00,32.5,47.1,0.0,normal,B04,115,68,183
2026-03-13 22:00:00+00:00,32.8,43.8,0.0,normal,B04,84,45,129
2026-03-13 23:00:00+00:00,29.6,63.6,2.6,normal,B04,51,25,76
2026-03-14 00:00:00+00:00,31.0,39.0,0.0,cultural_fest,B04,0,0,0
2026-03-14 01:00:00+00:00,29.7,45.4,0.0,cultural_fest,B04,0,0,0
2026-03-14 02:00:00+00:00,31.1,45.7,0.0,cultural_fest,B04,0,0,0
2026-03-14 03:00:00+00:00,29.6,49.6,0.0,cultural_fest,B04,0,0,0
2026-03-14 04:00:00+00:00,32.3,44.4,0.0,cultural_fest,B04,0,0,0
2026-03-14 05:00:00+00:00,31.0,37.0,0.0,cultural_fest,B04,0,0,0
2026-03-14 06:00:00+00:00,30.4,42.9,0.0,cultural_fest,B04,17,17,34
2026-03-14 07:00:00+00:00,32.3,40.6,0.0,cultural_fest,B04,26,8,34
2026-03-14 08:00:00+00:00,34.6,40.8,0.0,cultural_fest,B04,19,19,38
2026-03-14 09:00:00+00:00,35.7,38.9,0.0,cultural_fest,B04,28,8,36
2026-03-14 10:00:00+00:00,37.1,24.5,0.0,cultural_fest,B04,23,22,45
2026-03-14 11:00:00+00:00,36.6,34.3,0.0,cultural_fest,B04,33,34,67
2026-03-14 12:00:00+00:00,37.0,37.5,0.0,cultural_fest,B04,41,46,87
2026-03-14 13:00:00+00:00,41.6,33.6,0.0,cultural_fest,B04,61,62,123
2026-03-14 14:00:00+00:00,39.2,38.7,0.0,cultural_fest,B04,73,62,135
2026-03-14 15:00:00+00:00,39.6,29.0,0.0,cultural_fest,B04,90,72,162
2026-03-14 16:00:00+00:00,37.9,31.6,0.0,cultural_fest,B04,92,75,167
2026-03-14 17:00:00+00:00,37.5,34.7,0.0,cultural_fest,B04,99,87,186
2026-03-14 18:00:00+00:00,37.3,34.1,0.0,cultural_fest,B04,109,92,201
2026-03-14 19:00:00+00:00,36.5,41.3,0.0,cultural_fest,B04,119,98,217
2026-03-14 20:00:00+00:00,35.9,28.7,0.0,cultural_fest,B04,124,93,217
2026-03-14 21:00:00+00:00,29.4,50.6,0.0,cultural_fest,B04,109,64,173
2026-03-14 22:00:00+00:00,30.0,43.9,0.0,cultural_fest,B04,87,41,128
2026-03-14 23:00:00+00:00,29.2,37.2,0.0,cultural_fest,B04,67,15,82
2026-03-15 00:00:00+00:00,31.0,47.2,0.0,cultural_fest,B04,0,0,0
2026-03-15 01:00:00+00:00,28.9,33.7,0.0,cultural_fest,B04,0,0,0
2026-03-15 02:00:00+00:00,28.7,48.8,0.0,cultural_fest,B04,0,0,0
2026-03-15 03:00:00+00:00,27.5,49.6,0.0,cultural_fest,B04,0,0,0
2026-03-15 04:00:00+00:00,30.2,47.6,0.0,cultural_fest,B04,0,0,0
2026-03-15 05:00:00+00:00,31.2,38.3,0.0,cultural_fest,B04,0,0,0
2026-03-15 06:00:00+00:00,33.9,38.4,0.0,cultural_fest,B04,24,9,33
2026-03-15 07:00:00+00:00,33.2,35.5,0.0,cultural_fest,B04,22,8,30
2026-03-15 08:00:00+00:00,33.9,34.7,0.0,cultural_fest,B04,20,11,31
2026-03-15 09:00:00+00:00,35.6,45.2,0.0,cultural_fest,B04,18,12,30
2026-03-15 10:00:00+00:00,35.0,29.4,0.0,cultural_fest,B04,35,19,54
2026-03-15 11:00:00+00:00,40.3,28.5,0.0,cultural_fest,B04,31,36,67
2026-03-15 12:00:00+00:00,37.9,38.4,0.0,cultural_fest,B04,47,43,90
2026-03-15 13:00:00+00:00,38.5,41.4,0.0,cultural_fest,B04,59,55,114
2026-03-15 14:00:00+00:00,40.6,26.7,0.0,cultural_fest,B04,86,61,147
2026-03-15 15:00:00+00:00,42.6,23.0,0.0,cultural_fest,B04,82,67,149
2026-03-15 16:00:00+00:00,40.0,31.5,0.0,cultural_fest,B04,87,75,162
2026-03-15 17:00:00+00:00,40.1,37.7,0.0,cultural_fest,B04,103,80,183
2026-03-15 18:00:00+00:00,37.1,30.6,0.0,cultural_fest,B04,106,96,202
2026-03-15 19:00:00+00:00,36.5,31.8,0.0,cultural_fest,B04,122,80,202
2026-03-15 20:00:00+00:00,37.6,34.3,0.0,cultural_fest,B04,115,86,201
2026-03-15 21:00:00+00:00,32.7,41.8,0.0,cultural_fest,B04,119,64,183
2026-03-15 22:00:00+00:00,29.6,60.1,2.2,cultural_fest,B04,87,42,129
2026-03-15 23:00:00+00:00,32.0,47.7,0.0,cultural_fest,B04,63,19,82
2026-03-16 00:00:00+00:00,29.6,43.4,0.0,cultural_fest,B04,0,0,0
2026-03-16 01:00:00+00:00,30.2,41.2,0.0,cultural_fest,B04,0,0,0
2026-03-16 02:00:00+00:00,28.4,51.7,0.0,cultural_fest,B04,0,0,0
2026-03-16 03:00:00+00:00,30.7,50.5,0.0,cultural_fest,B04,0,0,0
2026-03-16 04:00:00+00:00,28.4,44.9,0.0,cultural_fest,B04,0,0,0
2026-03-16 05:00:00+00:00,31.5,38.1,0.0,cultural_fest,B04,0,0,0
2026-03-16 06:00:00+00:00,33.1,46.5,0.0,cultural_fest,B04,21,10,31
2026-03-16 07:00:00+00:00,32.4,41.5,0.0,cultural_fest,B04,19,7,26
2026-03-16 08:00:00+00:00,36.8,43.8,0.0,cultural_fest,B04,21,7,28
2026-03-16 09:00:00+00:00,37.0,37.4,0.0,cultural_fest,B04,19,16,35
2026-03-16 10:00:00+00:00,35.8,38.1,0.0,cultural_fest,B04,25,12,37
2026-03-16 11:00:00+00:00,39.0,30.5,0.0,cultural_fest,B04,36,27,63
2026-03-16 12:00:00+00:00,38.0,26.5,0.0,cultural_fest,B04,46,42,88
2026-03-16 13:00:00+00:00,36.8,25.0,0.0,cultural_fest,B04,60,62,122
2026-03-16 14:00:00+00:00,40.5,30.0,0.0,cultural_fest,B04,72,66,138
2026-03-16 15:00:00+00:00,38.7,30.3,0.0,cultural_fest,B04,83,71,154
2026-03-16 16:00:00+00:00,39.3,30.3,0.0,cultural_fest,B04,83,70,153
2026-03-16 17:00:00+00:00,36.1,40.4,0.0,cultural_fest,B04,107,73,180
2026-03-16 18:00:00+00:00,37.6,35.0,0.0,cultural_fest,B04,107,89,196
2026-03-16 19:00:00+00:00,37.2,30.2,0.0,cultural_fest,B04,123,89,212
2026-03-16 20:00:00+00:00,36.4,34.7,0.0,cultural_fest,B04,125,81,206
2026-03-16 21:00:00+00:00,34.7,41.7,0.0,cultural_fest,B04,106,59,165
2026-03-16 22:00:00+00:00,30.6,46.7,0.0,cultural_fest,B04,86,44,130
2026-03-16 23:00:00+00:00,31.6,42.8,0.0,cultural_fest,B04,55,23,78
2026-03-17 00:00:00+00:00,30.2,44.3,0.0,normal,B04,0,0,0
2026-03-17 01:00:00+00:00,31.0,46.3,0.0,normal,B04,0,0,0
2026-03-17 02:00:00+00:00,29.7,38.0,0.0,normal,B04,0,0,0
2026-03-17 03:00:00+00:00,30.6,47.8,0.0,normal,B04,0,0,0
2026-03-17 04:00:00+00:00,33.8,44.7,0.0,normal,B04,0,0,0
2026-03-17 05:00:00+00:00,28.3,48.0,0.0,normal,B04,0,0,0
2026-03-17 06:00:00+00:00,34.9,40.8,0.0,normal,B04,22,6,28
2026-03-17 07:00:00+00:00,33.9,43.7,0.0,normal,B04,17,7,24
2026-03-17 08:00:00+00:00,33.7,41.8,0.0,normal,B04,23,9,32
2026-03-17 09:00:00+00:00,35.6,36.5,0.0,normal,B04,28,16,44
2026-03-17 10:00:00+00:00,38.4,27.8,0.0,normal,B04,20,21,41
2026-03-17 11:00:00+00:00,40.1,27.7,0.0,normal,B04,34,25,59
2026-03-17 12:00:00+00:00,39.4,23.9,0.0,normal,B04,46,41,87
2026-03-17 13:00:00+00:00,40.6,36.4,0.0,normal,B04,59,61,120
2026-03-17 14:00:00+00:00,38.9,26.1,0.0,normal,B04,71,64,135
2026-03-17 15:00:00+00:00,39.9,37.4,0.0,normal,B04,87,74,161
2026-03-17 16:00:00+00:00,36.8,29.2,0.0,normal,B04,89,77,166
2026-03-17 17:00:00+00:00,37.5,29.6,0.0,normal,B04,106,83,189
2026-03-17 18:00:00+00:00,35.9,25.6,0.0,normal,B04,101,98,199
2026-03-17 19:00:00+00:00,36.8,36.4,0.0,normal,B04,121,103,224
2026-03-17 20:00:00+00:00,32.1,49.1,0.0,normal,B04,124,89,213
2026-03-17 21:00:00+00:00,35.9,32.4,0.0,normal,B04,122,54,176
2026-03-17 22:00:00+00:00,33.9,36.3,0.0,normal,B04,84,40,124
2026-03-17 23:00:00+00:00,31.4,38.7,0.0,normal,B04,66,21,87
2026-03-18 00:00:00+00:00,33.7,38.0,0.0,normal,B04,0,0,0
2026-03-18 01:00:00+00:00,30.1,41.5,0.0,normal,B04,0,0,0
2026-03-18 02:00:00+00:00,32.5,50.7,0.0,normal,B04,0,0,0
2026-03-18 03:00:00+00:00,32.3,46.3,0.0,normal,B04,0,0,0
2026-03-18 04:00:00+00:00,29.4,50.0,0.0,normal,B04,0,0,0
2026-03-18 05:00:00+00:00,31.2,49.8,0.0,normal,B04,0,0,0
2026-03-18 06:00:00+00:00,33.9,35.9,0.0,normal,B04,25,9,34
2026-03-18 07:00:00+00:00,34.8,41.2,0.0,normal,B04,17,7,24
2026-03-18 08:00:00+00:00,30.5,48.2,0.0,normal,B04,25,13,38
2026-03-18 09:00:00+00:00,35.3,32.5,0.0,normal,B04,18,22,40
2026-03-18 10:00:00+00:00,35.9,35.4,0.0,normal,B04,26,23,49
2026-03-18 11:00:00+00:00,39.0,24.7,0.0,normal,B04,43,33,76
2026-03-18 12:00:00+00:00,39.3,33.9,0.0,normal,B04,49,42,91
2026-03-18 13:00:00+00:00,42.3,21.1,0.0,normal,B04,60,55,115
2026-03-18 14:00:00+00:00,39.2,32.5,0.0,normal,B04,75,67,142
2026-03-18 15:00:00+00:00,41.3,26.6,0.0,normal,B04,82,76,158
2026-03-18 16:00:00+00:00,40.8,20.0,0.0,normal,B04,96,75,171
2026-03-18 17:00:00+00:00,36.4,37.2,0.0,normal,B04,101,82,183
2026-03-18 18:00:00+00:00,35.1,31.5,0.0,normal,B04,102,83,185
2026-03-18 20:00:00+00:00,31.9,43.1,0.0,normal,B04,119,80,199
2026-03-18 21:00:00+00:00,35.0,36.6,0.0,normal,B04,122,61,183
2026-03-18 22:00:00+00:00,31.6,44.5,0.0,normal,B04,75,39,114
2026-03-18 23:00:00+00:00,30.9,50.6,0.0,normal,B04,55,24,79
2026-03-19 00:00:00+00:00,28.7,46.6,0.0,normal,B04,0,0,0
2026-03-19 01:00:00+00:00,30.2,42.8,0.0,normal,B04,0,0,0
2026-03-19 02:00:00+00:00,25.4,51.0,0.0,normal,B04,0,0,0
2026-03-19 03:00:00+00:00,31.3,47.0,0.0,normal,B04,0,0,0
2026-03-19 04:00:00+00:00,30.9,38.1,0.0,normal,B04,0,0,0
2026-03-19 05:00:00+00:00,31.8,39.4,0.0,normal,B04,0,0,0
2026-03-19 06:00:00+00:00,32.8,41.5,0.0,normal,B04,20,20,40
2026-03-19 07:00:00+00:00,32.0,37.6,0.0,normal,B04,20,7,27
2026-03-19 08:00:00+00:00,35.3,36.0,0.0,normal,B04,18,9,27
2026-03-19 09:00:00+00:00,34.8,33.2,0.0,normal,B04,26,19,45
2026-03-19 10:00:00+00:00,36.8,42.7,0.0,normal,B04,20,19,39
2026-03-19 11:00:00+00:00,37.5,33.7,0.0,normal,B04,27,27,54
2026-03-19 12:00:00+00:00,39.2,25.5,0.0,normal,B04,46,45,91
2026-03-19 13:00:00+00:00,36.9,29.5,0.0,normal,B04,57,65,122
2026-03-19 14:00:00+00:00,40.1,30.3,0.0,normal,B04,79,71,150
2026-03-19 15:00:00+00:00,40.6,29.5,0.0,normal,B04,87,71,158
2026-03-19 16:00:00+00:00,38.9,28.6,0.0,normal,B04,96,75,171
2026-03-19 17:00:00+00:00,39.6,26.0,0.0,normal,B04,102,86,188
2026-03-19 18:00:00+00:00,35.6,39.5,0.0,normal,B04,103,92,195
2026-03-19 19:00:00+00:00,34.0,51.0,0.0,normal,B04,116,88,204
2026-03-19 20:00:00+00:00,34.9,39.4,0.0,normal,B04,128,85,213
2026-03-19 21:00:00+00:00,32.2,40.1,0.0,normal,B04,116,63,179
2026-03-19 22:00:00+00:00,31.6,39.9,0.0,normal,B04,86,44,130
2026-03-19 23:00:00+00:00,32.2,39.5,0.0,normal,B04,63,21,84
2026-03-20 00:00:00+00:00,32.0,55.4,0.0,normal,B04,0,0,0
2026-03-20 01:00:00+00:00,29.5,46.5,0.0,normal,B04,0,0,0
2026-03-20 02:00:00+00:00,30.3,53.5,0.0,normal,B04,0,0,0
2026-03-20 03:00:00+00:00,29.8,41.1,0.0,normal,B04,0,0,0
2026-03-20 04:00:00+00:00,28.5,46.9,0.0,normal,B04,0,0,0
2026-03-20 05:00:00+00:00,30.6,54.2,0.0,normal,B04,0,0,0
2026-03-20 06:00:00+00:00,34.9,32.4,0.0,normal,B04,21,8,29
2026-03-20 07:00:00+00:00,32.4,41.7,0.0,normal,B04,18,14,32
2026-03-20 08:00:00+00:00,36.9,35.0,0.0,normal,B04,21,11,32
2026-03-20 09:00:00+00:00,35.1,37.1,0.0,normal,B04,13,11,24
2026-03-20 10:00:00+00:00,36.3,38.5,0.0,normal,B04,27,23,50
2026-03-20 11:00:00+00:00,37.3,31.6,0.0,normal,B04,30,28,58
2026-03-20 12:00:00+00:00,40.9,24.9,0.0,normal,B04,37,40,77
2026-03-20 13:00:00+00:00,37.4,34.3,0.0,normal,B04,59,57,116
2026-03-20 14:00:00+00:00,39.2,33.7,0.0,normal,B04,79,70,149
2026-03-20 15:00:00+00:00,40.1,29.7,0.0,normal,B04,79,70,149
2026-03-20 16:00:00+00:00,39.0,27.8,0.0,normal,B04,91,75,166
2026-03-20 17:00:00+00:00,38.4,36.7,0.0,normal,B04,100,76,176
2026-03-20 18:00:00+00:00,35.8,36.2,0.0,normal,B04,120,93,213
2026-03-20 19:00:00+00:00,37.6,36.1,0.0,normal,B04,117,91,208
2026-03-20 20:00:00+00:00,36.7,32.0,0.0,normal,B04,119,82,201
2026-03-20 21:00:00+00:00,30.7,44.9,0.0,normal,B04,111,66,177
2026-03-20 22:00:00+00:00,32.8,47.6,0.0,normal,B04,84,54,138
2026-03-20 23:00:00+00:00,33.0,43.1,0.0,normal,B04,56,22,78
2026-03-21 00:00:00+00:00,31.6,41.6,0.0,normal,B04,0,0,0
2026-03-21 01:00:00+00:00,28.2,48.4,0.0,normal,B04,0,0,0
2026-03-21 02:00:00+00:00,31.3,46.4,0.0,normal,B04,0,0,0
2026-03-21 03:00:00+00:00,31.2,41.0,0.0,normal,B04,0,0,0
2026-03-21 04:00:00+00:00,30.1,47.3,0.0,normal,B04,0,0,0
2026-03-21 05:00:00+00:00,30.5,41.7,0.0,normal,B04,0,0,0
2026-03-21 06:00:00+00:00,32.8,44.7,0.0,normal,B04,20,6,26
2026-03-21 07:00:00+00:00,33.2,34.4,0.0,normal,B04,24,5,29
2026-03-21 08:00:00+00:00,33.7,40.5,0.0,normal,B04,23,10,33
2026-03-21 09:00:00+00:00,36.4,36.6,0.0,normal,B04,30,10,40
2026-03-21 10:00:00+00:00,38.1,32.9,0.0,normal,B04,31,20,51
2026-03-21 11:00:00+00:00,38.7,31.7,0.0,normal,B04,34,22,56
2026-03-21 12:00:00+00:00,40.9,35.9,0.0,normal,B04,43,42,85
2026-03-21 13:00:00+00:00,37.9,31.9,0.0,normal,B04,64,55,119
2026-03-21 14:00:00+00:00,39.9,28.9,0.0,normal,B04,85,65,150
2026-03-21 15:00:00+00:00,42.3,27.6,0.0,normal,B04,77,68,145
2026-03-21 16:00:00+00:00,37.9,36.1,0.0,normal,B04,94,77,171
2026-03-21 17:00:00+00:00,38.8,33.4,0.0,normal,B04,98,93,191
2026-03-21 18:00:00+00:00,40.0,31.7,0.0,normal,B04,111,89,200
2026-03-21 19:00:00+00:00,35.7,26.7,0.0,normal,B04,118,100,218
2026-03-21 20:00:00+00:00,34.6,44.7,0.0,normal,B04,123,85,208
2026-03-21 21:00:00+00:00,33.4,28.7,0.0,normal,B04,117,60,177
2026-03-21 22:00:00+00:00,31.6,47.6,0.0,normal,B04,84,48,132
2026-03-21 23:00:00+00:00,32.1,37.7,0.0,normal,B04,54,29,83
2026-03-22 00:00:00+00:00,29.7,43.4,0.0,normal,B04,0,0,0
2026-03-22 01:00:00+00:00,29.0,36.3,0.0,normal,B04,0,0,0
2026-03-22 02:00:00+00:00,31.0,49.8,0.0,normal,B04,0,0,0
2026-03-22 03:00:00+00:00,27.7,54.6,0.0,normal,B04,0,0,0
2026-03-22 04:00:00+00:00,30.4,50.6,0.0,normal,B04,0,0,0
2026-03-22 05:00:00+00:00,31.4,43.6,0.0,normal,B04,0,0,0
2026-03-22 06:00:00+00:00,32.9,36.7,0.0,normal,B04,26,8,34
2026-03-22 07:00:00+00:00,35.3,31.4,0.0,normal,B04,26,10,36
2026-03-22 08:00:00+00:00,34.2,41.3,0.0,normal,B04,17,7,24
2026-03-22 09:00:00+00:00,35.4,40.8,0.0,normal,B04,26,12,38
2026-03-22 10:00:00+00:00,39.4,35.9,0.0,normal,B04,25,21,46
2026-03-22 11:00:00+00:00,35.5,37.4,0.0,normal,B04,23,29,52
2026-03-22 12:00:00+00:00,40.7,22.3,0.0,normal,B04,48,37,85
2026-03-22 13:00:00+00:00,40.8,32.2,0.0,normal,B04,58,56,114
2026-03-22 14:00:00+00:00,38.0,37.1,0.0,normal,B04,76,67,143
2026-03-22 15:00:00+00:00,40.1,33.1,0.0,normal,B04,90,76,166
2026-03-22 16:00:00+00:00,37.7,34.2,0.0,normal,B04,96,73,169
2026-03-22 17:00:00+00:00,35.8,24.9,0.0,normal,B04,99,87,186
2026-03-22 18:00:00+00:00,37.6,39.2,0.0,normal,B04,111,95,206
2026-03-22 19:00:00+00:00,36.5,34.9,0.0,normal,B04,123,92,215
2026-03-22 20:00:00+00:00,34.6,33.4,0.0,normal,B04,117,80,197
2026-03-22 21:00:00+00:00,33.2,42.3,0.0,normal,B04,112,62,174
2026-03-22 22:00:00+00:00,31.7,46.2,0.0,normal,B04,84,39,123
2026-03-22 23:00:00+00:00,31.6,44.2,0.0,normal,B04,60,27,87
2026-03-23 00:00:00+00:00,31.9,39.6,0.0,normal,B04,0,0,0
2026-03-23 01:00:00+00:00,31.0,41.5,0.0,normal,B04,0,0,0
2026-03-23 02:00:00+00:00,30.4,41.2,0.0,normal,B04,0,0,0
2026-03-23 03:00:00+00:00,28.7,47.4,0.0,normal,B04,0,0,0
2026-03-23 04:00:00+00:00,27.7,46.9,0.0,normal,B04,0,0,0
2026-03-23 05:00:00+00:00,28.9,50.5,0.0,normal,B04,0,0,0
2026-03-23 06:00:00+00:00,33.9,34.8,0.0,normal,B04,16,10,26
2026-03-23 07:00:00+00:00,34.2,43.2,0.0,normal,B04,23,17,40
2026-03-23 08:00:00+00:00,36.2,36.7,0.0,normal,B04,25,14,39
2026-03-23 09:00:00+00:00,37.3,30.8,0.0,normal,B04,19,15,34
2026-03-23 10:00:00+00:00,37.5,31.4,0.0,normal,B04,29,15,44
2026-03-23 11:00:00+00:00,37.3,34.2,0.0,normal,B04,26,30,56
2026-03-23 12:00:00+00:00,39.7,36.2,0.0,normal,B04,36,41,77
2026-03-23 13:00:00+00:00,40.1,33.1,0.0,normal,B04,57,59,116
2026-03-23 14:00:00+00:00,40.9,42.2,0.0,normal,B04,74,66,140
2026-03-23 15:00:00+00:00,37.0,31.1,0.0,normal,B04,84,71,155
2026-03-23 16:00:00+00:00,41.4,26.1,0.0,normal,B04,92,69,161
2026-03-23 17:00:00+00:00,39.7,31.5,0.0,normal,B04,100,84,184
2026-03-23 18:00:00+00:00,40.5,23.6,0.0,normal,B04,113,95,208
2026-03-23 19:00:00+00:00,38.0,41.7,0.0,normal,B04,126,92,218
2026-03-23 20:00:00+00:00,33.4,43.9,0.0,normal,B04,126,77,203
2026-03-23 21:00:00+00:00,32.1,42.0,0.0,normal,B04,102,58,160
2026-03-23 22:00:00+00:00,32.0,30.0,0.0,normal,B04,77,43,120
2026-03-23 23:00:00+00:00,32.0,42.8,0.0,normal,B04,60,17,77
2026-03-24 00:00:00+00:00,32.8,43.9,0.0,normal,B04,0,0,0
2026-03-24 01:00:00+00:00,33.5,40.3,0.0,normal,B04,0,0,0
2026-03-24 02:00:00+00:00,29.7,44.5,0.0,normal,B04,0,0,0
2026-03-24 03:00:00+00:00,29.4,34.8,0.0,normal,B04,0,0,0
2026-03-24 04:00:00+00:00,30.0,54.3,1.1,normal,B04,0,0,0
2026-03-24 05:00:00+00:00,29.1,50.1,0.0,normal,B04,0,0,0
2026-03-24 06:00:00+00:00,32.5,33.9,0.0,normal,B04,26,10,36
2026-03-24 07:00:00+00:00,33.1,36.5,0.0,normal,B04,13,16,29
2026-03-24 08:00:00+00:00,35.4,43.6,0.0,normal,B04,16,12,28
2026-03-24 09:00:00+00:00,33.4,40.5,0.0,normal,B04,23,7,30
2026-03-24 10:00:00+00:00,37.2,37.6,0.0,normal,B04,31,32,63
2026-03-24 11:00:00+00:00,38.8,28.1,0.0,normal,B04,26,31,57
2026-03-24 12:00:00+00:00,38.8,27.9,0.0,normal,B04,45,44,89
2026-03-24 13:00:00+00:00,41.3,28.1,0.0,normal,B04,70,58,128
2026-03-24 14:00:00+00:00,42.8,25.6,0.0,normal,B04,79,71,150
2026-03-24 15:00:00+00:00,38.7,24.4,0.0,normal,B04,96,67,163
2026-03-24 16:00:00+00:00,36.5,27.3,0.0,normal,B04,92,76,168
2026-03-24 17:00:00+00:00,38.8,34.3,0.0,normal,B04,95,88,183
2026-03-24 18:00:00+00:00,35.0,41.9,0.0,normal,B04,110,86,196
2026-03-24 19:00:00+00:00,35.5,37.5,0.0,normal,B04,121,88,209
2026-03-24 20:00:00+00:00,37.3,38.5,0.0,normal,B04,122,72,194
2026-03-24 21:00:00+00:00,33.2,35.7,0.0,normal,B04,115,60,175
2026-03-24 22:00:00+00:00,29.2,42.6,0.0,normal,B04,81,40,121
2026-03-24 23:00:00+00:00,31.0,38.5,0.0,normal,B04,65,28,93
2026-03-25 00:00:00+00:00,30.4,44.8,0.0,normal,B04,0,0,0
2026-03-25 01:00:00+00:00,29.8,42.1,0.0,normal,B04,0,0,0
2026-03-25 02:00:00+00:00,30.2,46.9,0.0,normal,B04,0,0,0
2026-03-25 03:00:00+00:00,28.5,54.4,0.0,normal,B04,0,0,0
2026-03-25 04:00:00+00:00,30.4,44.4,0.0,normal,B04,0,0,0
2026-03-25 05:00:00+00:00,32.4,42.5,0.0,normal,B04,0,0,0
2026-03-25 06:00:00+00:00,33.9,40.7,0.0,normal,B04,29,3,32
2026-03-25 07:00:00+00:00,32.7,42.7,0.0,normal,B04,13,9,22
2026-03-25 08:00:00+00:00,33.2,40.7,0.0,normal,B04,28,15,43
2026-03-25 09:00:00+00:00,36.2,34.7,0.0,normal,B04,25,8,33
2026-03-25 10:00:00+00:00,37.2,24.7,0.0,normal,B04,22,17,39
2026-03-25 11:00:00+00:00,37.6,34.0,0.0,normal,B04,33,33,66
2026-03-25 12:00:00+00:00,39.5,25.6,0.0,normal,B04,43,38,81
2026-03-25 13:00:00+00:00,41.7,23.2,0.0,normal,B04,56,60,116
2026-03-25 14:00:00+00:00,41.4,30.1,0.0,normal,B04,83,68,151
2026-03-25 15:00:00+00:00,38.8,40.7,0.0,normal,B04,85,67,152
2026-03-25 16:00:00+00:00,37.5,38.4,0.0,normal,B04,91,82,173
2026-03-25 17:00:00+00:00,40.0,26.7,0.0,normal,B04,96,78,174
2026-03-25 18:00:00+00:00,39.5,29.5,0.0,normal,B04,107,92,199
2026-03-25 19:00:00+00:00,36.6,36.3,0.0,normal,B04,119,91,210
2026-03-25 20:00:00+00:00,34.7,42.0,0.0,normal,B04,126,76,202
2026-03-25 21:00:00+00:00,34.8,29.0,0.0,normal,B04,109,62,171
2026-03-25 22:00:00+00:00,34.4,30.1,0.0,normal,B04,88,38,126
2026-03-25 23:00:00+00:00,32.9,46.2,0.0,normal,B04,53,27,80
2026-03-26 00:00:00+00:00,29.0,44.5,0.0,normal,B04,0,0,0
2026-03-26 01:00:00+00:00,28.5,46.2,0.0,normal,B04,0,0,0
2026-03-26 02:00:00+00:00,29.5,49.7,0.0,normal,B04,0,0,0
2026-03-26 03:00:00+00:00,32.1,48.9,0.0,normal,B04,0,0,0
2026-03-26 04:00:00+00:00,29.8,44.3,0.0,normal,B04,0,0,0
2026-03-26 05:00:00+00:00,28.9,42.6,0.0,normal,B04,0,0,0
2026-03-26 06:00:00+00:00,33.9,47.2,0.0,normal,B04,32,9,41
2026-03-26 07:00:00+00:00,31.8,39.3,0.0,normal,B04,22,9,31
2026-03-26 08:00:00+00:00,34.9,39.0,0.0,normal,B04,18,14,32
2026-03-26 09:00:00+00:00,35.0,39.6,0.0,normal,B04,19,8,27
2026-03-26 10:00:00+00:00,36.7,34.8,0.0,normal,B04,24,13,37
2026-03-26 11:00:00+00:00,39.3,31.1,0.0,normal,B04,35,33,68
2026-03-26 12:00:00+00:00,38.6,31.5,0.0,normal,B04,49,37,86
2026-03-26 13:00:00+00:00,39.6,28.7,0.0,normal,B04,60,68,128
2026-03-26 14:00:00+00:00,39.6,38.7,0.0,normal,B04,70,63,133
2026-03-26 15:00:00+00:00,40.6,27.6,0.0,normal,B04,87,67,154
2026-03-26 16:00:00+00:00,40.3,27.9,0.0,normal,B04,91,72,163
2026-03-26 17:00:00+00:00,40.2,31.5,0.0,normal,B04,92,77,169
2026-03-26 18:00:00+00:00,37.3,36.3,0.0,normal,B04,107,75,182
2026-03-26 19:00:00+00:00,33.9,33.5,0.0,normal,B04,116,93,209
2026-03-26 20:00:00+00:00,33.2,41.0,0.0,normal,B04,121,78,199
2026-03-26 21:00:00+00:00,36.2,46.8,0.0,normal,B04,110,61,171
2026-03-26 22:00:00+00:00,33.4,42.4,0.0,normal,B04,89,42,131
2026-03-26 23:00:00+00:00,28.7,44.2,0.0,normal,B04,58,19,77
2026-03-27 00:00:00+00:00,29.4,42.7,0.0,normal,B04,0,0,0
2026-03-27 01:00:00+00:00,29.9,42.8,0.0,normal,B04,0,0,0
2026-03-27 02:00:00+00:00,27.0,53.3,0.0,normal,B04,0,0,0
2026-03-27 03:00:00+00:00,28.5,48.4,0.0,normal,B04,0,0,0
2026-03-27 04:00:00+00:00,33.7,34.8,0.0,normal,B04,0,0,0
2026-03-27 05:00:00+00:00,27.6,47.1,0.0,normal,B04,0,0,0
2026-03-27 06:00:00+00:00,33.1,68.6,4.8,normal,B04,19,0,19
2026-03-27 07:00:00+00:00,33.0,34.1,0.0,normal,B04,30,2,32
2026-03-27 08:00:00+00:00,34.9,34.8,0.0,normal,B04,20,8,28
2026-03-27 09:00:00+00:00,34.0,40.3,0.0,normal,B04,20,14,34
2026-03-27 10:00:00+00:00,37.9,42.1,0.0,normal,B04,19,22,41
2026-03-27 11:00:00+00:00,38.0,34.5,0.0,normal,B04,35,28,63
2026-03-27 12:00:00+00:00,38.3,36.9,0.0,normal,B04,46,52,98
2026-03-27 13:00:00+00:00,39.6,24.7,0.0,normal,B04,62,58,120
2026-03-27 14:00:00+00:00,39.9,32.0,0.0,normal,B04,68,70,138
2026-03-27 15:00:00+00:00,40.2,35.0,0.0,normal,B04,85,74,159
2026-03-27 16:00:00+00:00,36.9,50.1,1.1,normal,B04,94,68,162
2026-03-27 17:00:00+00:00,37.6,40.5,0.0,normal,B04,97,88,185
2026-03-27 18:00:00+00:00,34.3,54.3,0.0,normal,B04,125,87,212
2026-03-27 19:00:00+00:00,37.8,34.4,0.0,normal,B04,114,93,207
2026-03-27 20:00:00+00:00,34.9,39.1,0.0,normal,B04,125,86,211
2026-03-27 21:00:00+00:00,34.4,41.6,0.0,normal,B04,116,65,181
2026-03-27 22:00:00+00:00,33.3,40.5,0.0,normal,B04,82,43,125
2026-03-27 23:00:00+00:00,31.1,42.6,0.0,normal,B04,53,17,70
2026-03-28 00:00:00+00:00,30.4,50.1,0.0,normal,B04,0,0,0
2026-03-28 01:00:00+00:00,31.0,28.7,0.0,normal,B04,0,0,0
2026-03-28 02:00:00+00:00,31.0,44.5,0.0,normal,B04,0,0,0
2026-03-28 03:00:00+00:00,30.1,42.9,0.0,normal,B04,0,0,0
2026-03-28 04:00:00+00:00,32.3,46.2,0.0,normal,B04,0,0,0
2026-03-28 05:00:00+00:00,30.3,46.6,0.0,normal,B04,0,0,0
2026-03-28 06:00:00+00:00,31.0,36.6,0.0,normal,B04,26,15,41
2026-03-28 07:00:00+00:00,32.7,45.2,0.0,normal,B04,9,16,25
2026-03-28 08:00:00+00:00,36.4,38.0,0.0,normal,B04,21,16,37
2026-03-28 09:00:00+00:00,37.4,36.5,0.0,normal,B04,13,10,23
2026-03-28 10:00:00+00:00,36.5,37.4,0.0,normal,B04,21,18,39
2026-03-28 11:00:00+00:00,39.7,34.2,0.0,normal,B04,31,18,49
2026-03-28 12:00:00+00:00,41.1,31.9,0.0,normal,B04,41,41,82
2026-03-28 13:00:00+00:00,40.3,34.9,0.0,normal,B04,57,55,112
2026-03-28 14:00:00+00:00,39.9,25.7,0.0,normal,B04,87,65,152
2026-03-28 15:00:00+00:00,39.6,26.9,0.0,normal,B04,79,73,152
2026-03-28 16:00:00+00:00,38.3,31.8,0.0,normal,B04,97,78,175
2026-03-28 17:00:00+00:00,37.3,32.5,0.0,normal,B04,95,88,183
2026-03-28 18:00:00+00:00,34.6,39.1,0.0,normal,B04,112,95,207
2026-03-28 19:00:00+00:00,36.3,31.5,0.0,normal,B04,123,98,221
2026-03-28 20:00:00+00:00,36.0,40.7,0.0,normal,B04,125,85,210
2026-03-28 21:00:00+00:00,31.3,39.3,0.0,normal,B04,109,61,170
2026-03-28 22:00:00+00:00,31.3,38.3,0.0,normal,B04,94,38,132
2026-03-28 23:00:00+00:00,32.7,40.0,0.0,normal,B04,57,23,80
2026-03-29 00:00:00+00:00,30.3,34.6,0.0,normal,B04,0,0,0
2026-03-29 01:00:00+00:00,31.1,37.1,0.0,normal,B04,0,0,0
2026-03-29 02:00:00+00:00,30.1,46.3,0.0,normal,B04,0,0,0
2026-03-29 03:00:00+00:00,32.2,35.2,0.0,normal,B04,0,0,0
2026-03-29 04:00:00+00:00,26.1,51.7,0.0,normal,B04,0,0,0
2026-03-29 05:00:00+00:00,34.1,45.0,0.0,normal,B04,0,0,0
2026-03-29 06:00:00+00:00,32.8,38.3,0.0,normal,B04,21,2,23
2026-03-29 07:00:00+00:00,34.9,32.8,0.0,normal,B04,16,9,25
2026-03-29 08:00:00+00:00,35.7,39.0,0.0,normal,B04,20,5,25
2026-03-29 09:00:00+00:00,37.9,47.0,0.0,normal,B04,23,10,33
2026-03-29 10:00:00+00:00,38.1,30.3,0.0,normal,B04,25,24,49
2026-03-29 11:00:00+00:00,38.5,23.4,0.0,normal,B04,32,32,64
2026-03-29 12:00:00+00:00,38.3,30.5,0.0,normal,B04,38,35,73
2026-03-29 13:00:00+00:00,39.0,32.2,0.0,normal,B04,64,64,128
2026-03-29 14:00:00+00:00,38.8,37.5,0.0,normal,B04,83,60,143
2026-03-29 15:00:00+00:00,39.8,50.2,0.2,normal,B04,84,60,144
2026-03-29 16:00:00+00:00,40.7,23.7,0.0,normal,B04,88,73,161
2026-03-29 17:00:00+00:00,37.2,39.8,0.0,normal,B04,101,82,183
2026-03-29 18:00:00+00:00,37.1,30.5,0.0,normal,B04,114,96,210
2026-03-29 19:00:00+00:00,37.4,31.5,0.0,normal,B04,121,97,218
2026-03-29 20:00:00+00:00,36.5,31.9,0.0,normal,B04,124,88,212
2026-03-29 21:00:00+00:00,33.5,44.5,0.0,normal,B04,117,64,181
2026-03-29 22:00:00+00:00,32.1,45.6,0.0,normal,B04,88,43,131
2026-03-29 23:00:00+00:00,31.4,52.9,0.0,normal,B04,58,31,89
2026-03-30 00:00:00+00:00,33.0,33.8,0.0,normal,B04,0,0,0
2026-03-30 01:00:00+00:00,30.9,39.5,0.0,normal,B04,0,0,0
2026-03-30 02:00:00+00:00,30.3,44.9,0.0,normal,B04,0,0,0
2026-03-30 03:00:00+00:00,28.6,52.4,0.0,normal,B04,0,0,0
2026-03-30 04:00:00+00:00,29.9,62.1,5.2,normal,B04,0,0,0
2026-03-30 05:00:00+00:00,31.2,40.9,0.0,normal,B04,0,0,0
2026-03-30 06:00:00+00:00,32.5,44.3,0.0,normal,B04,11,11,22
2026-03-30 07:00:00+00:00,31.5,31.2,0.0,normal,B04,22,10,32
2026-03-30 08:00:00+00:00,34.2,32.6,0.0,normal,B04,17,16,33
2026-03-30 09:00:00+00:00,35.5,36.0,0.0,normal,B04,14,17,31
2026-03-30 10:00:00+00:00,36.8,42.0,0.0,normal,B04,22,12,34
2026-03-30 11:00:00+00:00,38.8,53.0,1.2,normal,B04,32,23,55
2026-03-30 12:00:00+00:00,36.6,62.4,10.6,normal,B04,38,42,80
2026-03-30 13:00:00+00:00,40.8,23.4,0.0,normal,B04,65,61,126
2026-03-30 14:00:00+00:00,37.7,37.6,0.0,normal,B04,78,69,147
2026-03-30 15:00:00+00:00,40.4,24.9,0.0,normal,B04,90,64,154
2026-03-30 16:00:00+00:00,38.0,38.6,0.0,normal,B04,102,71,173
2026-03-30 17:00:00+00:00,36.7,43.1,0.0,normal,B04,91,74,165
2026-03-30 18:00:00+00:00,36.1,39.0,0.0,normal,B04,98,87,185
2026-03-30 19:00:00+00:00,35.8,39.3,0.0,normal,B04,119,91,210
2026-03-30 20:00:00+00:00,34.2,37.9,0.0,normal,B04,122,78,200
2026-03-30 21:00:00+00:00,33.8,34.3,0.0,normal,B04,113,66,179
2026-03-30 22:00:00+00:00,33.6,37.0,0.0,normal,B04,88,30,118
2026-03-30 23:00:00+00:00,31.1,38.4,0.0,normal,B04,60,23,83
2026-03-31 00:00:00+00:00,26.8,48.8,0.0,normal,B04,0,0,0
2026-03-31 01:00:00+00:00,33.8,43.2,0.0,normal,B04,0,0,0
2026-03-31 02:00:00+00:00,30.0,43.7,0.0,normal,B04,0,0,0
2026-03-31 03:00:00+00:00,30.2,47.4,0.0,normal,B04,0,0,0
2026-03-31 04:00:00+00:00,28.9,52.2,0.0,normal,B04,0,0,0
2026-03-31 05:00:00+00:00,32.5,44.8,0.0,normal,B04,0,0,0
2026-03-31 06:00:00+00:00,33.2,40.4,0.0,normal,B04,17,16,33
2026-03-31 07:00:00+00:00,34.7,40.9,0.0,normal,B04,22,2,24
2026-03-31 08:00:00+00:00,34.5,35.4,0.0,normal,B04,26,6,32
2026-03-31 09:00:00+00:00,36.4,43.1,0.0,normal,B04,19,12,31
2026-03-31 10:00:00+00:00,35.6,29.2,0.0,normal,B04,16,17,33
2026-03-31 11:00:00+00:00,38.8,32.1,0.0,normal,B04,25,28,53
2026-03-31 13:00:00+00:00,39.5,38.2,0.0,normal,B04,68,52,120
2026-03-31 14:00:00+00:00,37.6,29.5,0.0,normal,B04,87,61,148
2026-03-31 15:00:00+00:00,39.7,22.3,0.0,normal,B04,80,69,149
2026-03-31 16:00:00+00:00,39.1,39.7,0.0,normal,B04,90,70,160
2026-03-31 17:00:00+00:00,38.6,33.3,0.0,normal,B04,95,87,182
2026-03-31 18:00:00+00:00,35.6,33.5,0.0,normal,B04,109,87,196
2026-03-31 19:00:00+00:00,35.7,34.8,0.0,normal,B04,114,88,202
2026-03-31 20:00:00+00:00,36.9,37.4,0.0,normal,B04,122,83,205
2026-03-31 21:00:00+00:00,32.0,43.2,0.0,normal,B04,113,63,176
2026-03-31 22:00:00+00:00,33.2,45.8,0.0,normal,B04,89,40,129
2026-03-31 23:00:00+00:00,33.8,34.2,0.0,normal,B04,60,20,80
2026-04-01 00:00:00+00:00,29.5,39.5,0.0,normal,B04,0,0,0
2026-04-01 01:00:00+00:00,29.8,47.6,0.0,normal,B04,0,0,0
2026-04-01 02:00:00+00:00,31.5,42.4,0.0,normal,B04,0,0,0
2026-04-01 03:00:00+00:00,29.7,46.2,0.0,normal,B04,0,0,0
2026-04-01 04:00:00+00:00,29.4,56.3,0.0,normal,B04,0,0,0
2026-04-01 05:00:00+00:00,29.1,47.3,0.0,normal,B04,0,0,0
2026-04-01 06:00:00+00:00,35.5,36.7,0.0,normal,B04,23,11,34
2026-04-01 07:00:00+00:00,33.4,38.1,0.0,normal,B04,25,16,41
2026-04-01 08:00:00+00:00,34.7,44.8,0.0,normal,B04,33,19,52
2026-04-01 09:00:00+00:00,33.0,48.2,0.0,normal,B04,23,20,43
2026-04-01 10:00:00+00:00,35.4,35.6,0.0,normal,B04,33,16,49
2026-04-01 11:00:00+00:00,37.9,36.1,0.0,normal,B04,26,21,47
2026-04-01 12:00:00+00:00,36.9,36.9,0.0,normal,B04,43,38,81
2026-04-01 13:00:00+00:00,42.9,20.0,0.0,normal,B04,69,46,115
2026-04-01 14:00:00+00:00,40.3,26.3,0.0,normal,B04,73,71,144
2026-04-01 15:00:00+00:00,40.5,29.4,0.0,normal,B04,88,74,162
2026-04-01 16:00:00+00:00,38.4,34.9,0.0,normal,B04,88,67,155
2026-04-01 17:00:00+00:00,41.2,27.2,0.0,normal,B04,102,85,187
2026-04-01 18:00:00+00:00,38.6,25.7,0.0,normal,B04,113,91,204
2026-04-01 19:00:00+00:00,34.9,40.1,0.0,normal,B04,130,94,224
2026-04-01 20:00:00+00:00,37.2,35.9,0.0,normal,B04,128,85,213
2026-04-01 21:00:00+00:00,33.2,40.1,0.0,normal,B04,101,65,166
2026-04-01 22:00:00+00:00,30.6,47.1,0.0,normal,B04,89,46,135
2026-04-01 23:00:00+00:00,32.8,38.6,0.0,normal,B04,56,30,86
2026-04-02 00:00:00+00:00,30.0,46.4,0.0,normal,B04,0,0,0
2026-04-02 01:00:00+00:00,29.5,45.4,0.0,normal,B04,0,0,0
2026-04-02 02:00:00+00:00,33.1,39.0,0.0,normal,B04,0,0,0
2026-04-02 03:00:00+00:00,29.6,42.3,0.0,normal,B04,0,0,0
2026-04-02 04:00:00+00:00,31.8,41.4,0.0,normal,B04,0,0,0
2026-04-02 05:00:00+00:00,30.5,50.9,0.0,normal,B04,0,0,0
2026-04-02 06:00:00+00:00,34.6,35.1,0.0,normal,B04,13,11,24
2026-04-02 07:00:00+00:00,30.9,48.7,0.0,normal,B04,17,4,21
2026-04-02 08:00:00+00:00,34.0,43.0,0.0,normal,B04,15,16,31
2026-04-02 09:00:00+00:00,33.3,44.5,0.0,normal,B04,26,10,36
2026-04-02 10:00:00+00:00,35.7,40.1,0.0,normal,B04,23,12,35
2026-04-02 11:00:00+00:00,38.6,27.4,0.0,normal,B04,36,34,70
2026-04-02 12:00:00+00:00,38.7,35.4,0.0,normal,B04,36,34,70
2026-04-02 13:00:00+00:00,40.0,32.9,0.0,normal,B04,69,60,129
2026-04-02 14:00:00+00:00,43.0,20.0,0.0,normal,B04,77,62,139
2026-04-02 15:00:00+00:00,42.3,27.1,0.0,normal,B04,84,70,154
2026-04-02 16:00:00+00:00,38.0,26.4,0.0,normal,B04,99,71,170
2026-04-02 17:00:00+00:00,38.3,37.2,0.0,normal,B04,104,78,182
2026-04-02 18:00:00+00:00,37.3,41.6,0.0,normal,B04,102,91,193
2026-04-02 19:00:00+00:00,34.1,38.8,0.0,normal,B04,125,98,223
2026-04-02 20:00:00+00:00,33.1,42.1,0.0,normal,B04,118,90,208
2026-04-02 21:00:00+00:00,35.0,35.3,0.0,normal,B04,106,65,171
2026-04-02 22:00:00+00:00,28.6,48.1,0.0,normal,B04,80,43,123
2026-04-02 23:00:00+00:00,32.1,43.8,0.0,normal,B04,58,24,82
2026-04-03 00:00:00+00:00,32.5,35.9,0.0,normal,B04,0,0,0
2026-04-03 01:00:00+00:00,31.2,49.2,0.0,normal,B04,0,0,0
2026-04-03 02:00:00+00:00,27.3,50.6,0.0,normal,B04,0,0,0
2026-04-03 03:00:00+00:00,29.4,45.5,0.0,normal,B04,0,0,0
2026-04-03 04:00:00+00:00,31.2,40.8,0.0,normal,B04,0,0,0
2026-04-03 05:00:00+00:00,30.4,44.5,0.0,normal,B04,0,0,0
2026-04-03 06:00:00+00:00,30.9,38.3,0.0,normal,B04,24,13,37
2026-04-03 07:00:00+00:00,33.4,52.2,6.8,normal,B04,23,0,23
2026-04-03 08:00:00+00:00,34.6,43.7,0.0,normal,B04,20,18,38
2026-04-03 09:00:00+00:00,34.7,32.0,0.0,normal,B04,18,21,39
2026-04-03 10:00:00+00:00,38.8,34.7,0.0,normal,B04,29,17,46
2026-04-03 11:00:00+00:00,37.8,27.6,0.0,normal,B04,30,19,49
2026-04-03 12:00:00+00:00,41.5,20.0,0.0,normal,B04,43,38,81
2026-04-03 13:00:00+00:00,38.9,32.8,0.0,normal,B04,52,64,116
2026-04-03 14:00:00+00:00,42.7,27.9,0.0,normal,B04,72,76,148
2026-04-03 15:00:00+00:00,39.7,46.3,4.4,normal,B04,78,61,139
2026-04-03 16:00:00+00:00,40.3,22.0,0.0,normal,B04,95,78,173
2026-04-03 17:00:00+00:00,40.1,24.8,0.0,normal,B04,109,79,188
2026-04-03 18:00:00+00:00,36.9,35.9,0.0,normal,B04,108,98,206
2026-04-03 19:00:00+00:00,39.3,46.6,0.0,normal,B04,120,95,215
2026-04-03 20:00:00+00:00,35.9,35.2,0.0,normal,B04,115,89,204
2026-04-03 21:00:00+00:00,34.5,42.7,0.0,normal,B04,126,59,185
2026-04-03 22:00:00+00:00,32.0,51.0,0.0,normal,B04,100,47,147
2026-04-03 23:00:00+00:00,31.8,44.8,0.0,normal,B04,64,26,90
2026-04-04 00:00:00+00:00,31.7,44.6,0.0,normal,B04,0,0,0
2026-04-04 01:00:00+00:00,31.4,39.8,0.0,normal,B04,0,0,0
2026-04-04 02:00:00+00:00,29.2,40.8,0.0,normal,B04,0,0,0
2026-04-04 03:00:00+00:00,30.8,47.7,0.0,normal,B04,0,0,0
2026-04-04 04:00:00+00:00,31.3,51.4,0.0,normal,B04,0,0,0
2026-04-04 05:00:00+00:00,31.4,46.2,0.0,normal,B04,0,0,0
2026-04-04 06:00:00+00:00,30.9,41.8,0.0,normal,B04,20,12,32
2026-04-04 07:00:00+00:00,34.7,42.1,0.0,normal,B04,21,0,21
2026-04-04 08:00:00+00:00,34.5,37.8,0.0,normal,B04,21,20,41
2026-04-04 09:00:00+00:00,34.0,37.2,0.0,normal,B04,24,6,30
2026-04-04 10:00:00+00:00,38.8,34.6,0.0,normal,B04,22,26,48
2026-04-04 11:00:00+00:00,39.3,31.3,0.0,normal,B04,33,36,69
2026-04-04 12:00:00+00:00,39.3,27.7,0.0,normal,B04,46,49,95
2026-04-04 13:00:00+00:00,40.9,30.8,0.0,normal,B04,63,58,121
2026-04-04 14:00:00+00:00,40.7,26.3,0.0,normal,B04,80,53,133
2026-04-04 15:00:00+00:00,36.6,40.6,0.0,normal,B04,83,74,157
2026-04-04 16:00:00+00:00,38.6,27.8,0.0,normal,B04,84,80,164
2026-04-04 17:00:00+00:00,39.6,28.7,0.0,normal,B04,99,77,176
2026-04-04 18:00:00+00:00,39.1,34.5,0.0,normal,B04,110,86,196
2026-04-04 19:00:00+00:00,37.3,27.2,0.0,normal,B04,125,100,225
2026-04-04 20:00:00+00:00,36.8,36.1,0.0,normal,B04,124,91,215
2026-04-04 21:00:00+00:00,33.1,41.0,0.0,normal,B04,115,66,181
2026-04-04 22:00:00+00:00,29.8,47.3,0.0,normal,B04,89,39,128
2026-04-04 23:00:00+00:00,29.9,38.4,0.0,normal,B04,60,26,86
2026-04-05 00:00:00+00:00,28.4,53.0,0.0,normal,B04,0,0,0
2026-04-05 01:00:00+00:00,29.2,53.9,0.0,normal,B04,0,0,0
2026-04-05 02:00:00+00:00,28.0,57.7,5.8,normal,B04,0,0,0
2026-04-05 03:00:00+00:00,29.5,44.9,0.0,normal,B04,0,0,0
2026-04-05 04:00:00+00:00,31.5,42.0,0.0,normal,B04,0,0,0
2026-04-05 05:00:00+00:00,33.5,45.4,0.0,normal,B04,0,0,0
2026-04-05 06:00:00+00:00,30.7,46.6,0.0,normal,B04,20,7,27
2026-04-05 07:00:00+00:00,36.0,33.6,0.0,normal,B04,18,1,19
2026-04-05 08:00:00+00:00,34.2,55.6,1.6,normal,B04,14,9,23
2026-04-05 09:00:00+00:00,36.8,34.6,0.0,normal,B04,14,15,29
2026-04-05 10:00:00+00:00,37.5,29.9,0.0,normal,B04,31,17,48
2026-04-05 11:00:00+00:00,38.2,28.1,0.0,normal,B04,37,36,73
2026-04-05 12:00:00+00:00,40.6,34.2,0.0,normal,B04,36,43,79
2026-04-05 13:00:00+00:00,37.0,29.8,0.0,normal,B04,53,44,97
2026-04-05 14:00:00+00:00,37.7,30.1,0.0,normal,B04,78,59,137
2026-04-05 15:00:00+00:00,39.7,23.2,0.0,normal,B04,77,71,148
2026-04-05 16:00:00+00:00,37.9,28.1,0.0,normal,B04,91,72,163
2026-04-05 17:00:00+00:00,38.8,32.1,0.0,normal,B04,100,88,188
2026-04-05 18:00:00+00:00,36.4,36.3,0.0,normal,B04,109,94,203
2026-04-05 19:00:00+00:00,34.5,55.5,4.6,normal,B04,121,91,212
2026-04-05 20:00:00+00:00,37.2,40.4,0.0,normal,B04,127,78,205
2026-04-05 21:00:00+00:00,35.5,41.9,0.0,normal,B04,110,53,163
2026-04-05 22:00:00+00:00,30.1,49.5,0.0,normal,B04,77,43,120
2026-04-05 23:00:00+00:00,32.4,33.7,0.0,normal,B04,64,24,88
2026-04-06 00:00:00+00:00,30.3,45.9,0.0,normal,B04,0,0,0
2026-04-06 01:00:00+00:00,32.6,44.7,0.0,normal,B04,0,0,0
2026-04-06 02:00:00+00:00,28.7,55.5,0.0,normal,B04,0,0,0
2026-04-06 03:00:00+00:00,29.9,63.4,1.5,normal,B04,0,0,0
2026-04-06 04:00:00+00:00,31.5,42.4,0.0,normal,B04,0,0,0
2026-04-06 05:00:00+00:00,33.1,38.7,0.0,normal,B04,0,0,0
2026-04-06 06:00:00+00:00,33.3,34.9,0.0,normal,B04,20,16,36
2026-04-06 07:00:00+00:00,33.6,38.7,0.0,normal,B04,21,13,34
2026-04-06 08:00:00+00:00,35.3,35.2,0.0,normal,B04,19,10,29
2026-04-06 09:00:00+00:00,36.1,40.0,0.0,normal,B04,12,23,35
2026-04-06 10:00:00+00:00,36.8,26.7,0.0,normal,B04,28,11,39
2026-04-06 11:00:00+00:00,41.1,35.2,0.0,normal,B04,31,38,69
2026-04-06 12:00:00+00:00,37.4,37.4,0.0,normal,B04,41,50,91
2026-04-06 13:00:00+00:00,39.0,32.8,0.0,normal,B04,75,56,131
2026-04-06 14:00:00+00:00,40.4,28.2,0.0,normal,B04,71,58,129
2026-04-06 15:00:00+00:00,38.6,28.6,0.0,normal,B04,92,70,162
2026-04-06 16:00:00+00:00,37.9,29.0,0.0,normal,B04,88,75,163
2026-04-06 17:00:00+00:00,38.4,28.8,0.0,normal,B04,99,91,190
2026-04-06 18:00:00+00:00,38.5,39.7,0.0,normal,B04,117,87,204
2026-04-06 19:00:00+00:00,35.4,38.1,0.0,normal,B04,124,91,215
2026-04-06 20:00:00+00:00,35.7,38.8,0.0,normal,B04,120,86,206
2026-04-06 21:00:00+00:00,33.8,43.0,0.0,normal,B04,109,65,174
2026-04-06 22:00:00+00:00,33.2,34.0,0.0,normal,B04,81,48,129
2026-04-06 23:00:00+00:00,32.7,45.3,0.0,normal,B04,58,17,75
2026-04-07 00:00:00+00:00,29.5,46.0,0.0,normal,B04,0,0,0
2026-04-07 01:00:00+00:00,31.1,42.2,0.0,normal,B04,0,0,0
2026-04-07 02:00:00+00:00,31.6,54.5,0.0,normal,B04,0,0,0
2026-04-07 03:00:00+00:00,28.9,39.7,0.0,normal,B04,0,0,0
2026-04-07 04:00:00+00:00,31.1,47.0,0.0,normal,B04,0,0,0
2026-04-07 05:00:00+00:00,31.1,50.7,0.0,normal,B04,0,0,0
2026-04-07 06:00:00+00:00,30.4,47.8,0.0,normal,B04,24,17,41
2026-04-07 07:00:00+00:00,32.7,49.5,0.0,normal,B04,20,13,33
2026-04-07 08:00:00+00:00,37.9,29.3,0.0,normal,B04,17,2,19
2026-04-07 09:00:00+00:00,35.4,41.2,0.0,normal,B04,23,13,36
2026-04-07 10:00:00+00:00,36.9,34.5,0.0,normal,B04,28,15,43
2026-04-07 11:00:00+00:00,38.5,22.6,0.0,normal,B04,29,29,58
2026-04-07 12:00:00+00:00,39.3,27.7,0.0,normal,B04,45,38,83
2026-04-07 13:00:00+00:00,39.0,38.7,0.0,normal,B04,63,54,117
2026-04-07 14:00:00+00:00,38.1,37.0,0.0,normal,B04,70,62,132
2026-04-07 15:00:00+00:00,39.4,29.6,0.0,normal,B04,84,72,156
2026-04-07 16:00:00+00:00,40.5,31.0,0.0,normal,B04,93,81,174
2026-04-07 17:00:00+00:00,39.3,35.8,0.0,normal,B04,96,84,180
2026-04-07 18:00:00+00:00,37.0,31.5,0.0,normal,B04,106,88,194
2026-04-07 19:00:00+00:00,34.6,33.9,0.0,normal,B04,119,90,209
2026-04-07 20:00:00+00:00,39.4,37.2,0.0,normal,B04,126,86,212
2026-04-07 21:00:00+00:00,31.6,35.9,0.0,normal,B04,106,56,162
2026-04-07 22:00:00+00:00,33.2,43.0,0.0,normal,B04,90,44,134
2026-04-07 23:00:00+00:00,32.2,40.4,0.0,normal,B04,67,22,89
2026-04-08 00:00:00+00:00,30.4,46.0,0.0,normal,B04,0,0,0
2026-04-08 01:00:00+00:00,30.2,33.6,0.0,normal,B04,0,0,0
2026-04-08 02:00:00+00:00,29.6,41.4,0.0,normal,B04,0,0,0
2026-04-08 03:00:00+00:00,30.4,59.4,0.0,normal,B04,0,0,0
2026-04-08 04:00:00+00:00,31.2,41.7,0.0,normal,B04,0,0,0
2026-04-08 05:00:00+00:00,32.8,43.2,0.0,normal,B04,0,0,0
2026-04-08 06:00:00+00:00,33.1,43.4,0.0,normal,B04,20,10,30
2026-04-08 07:00:00+00:00,36.7,29.3,0.0,normal,B04,25,14,39
2026-04-08 08:00:00+00:00,35.6,31.9,0.0,normal,B04,19,11,30
2026-04-08 09:00:00+00:00,37.1,29.8,0.0,normal,B04,20,2,22
2026-04-08 10:00:00+00:00,36.8,33.3,0.0,normal,B04,22,14,36
2026-04-08 11:00:00+00:00,39.9,34.7,0.0,normal,B04,25,33,58
2026-04-08 12:00:00+00:00,37.4,34.2,0.0,normal,B04,38,43,81
2026-04-08 13:00:00+00:00,38.7,25.7,0.0,normal,B04,58,52,110
2026-04-08 14:00:00+00:00,39.6,29.0,0.0,normal,B04,77,74,151
2026-04-08 15:00:00+00:00,43.4,27.1,0.0,normal,B04,81,78,159
2026-04-08 16:00:00+00:00,37.2,31.4,0.0,normal,B04,90,87,177
2026-04-08 17:00:00+00:00,40.0,40.4,0.0,normal,B04,97,82,179
2026-04-08 18:00:00+00:00,35.1,28.0,0.0,normal,B04,97,98,195
2026-04-08 19:00:00+00:00,39.0,33.4,0.0,normal,B04,119,90,209
2026-04-08 20:00:00+00:00,33.6,42.2,0.0,normal,B04,129,95,224
2026-04-08 21:00:00+00:00,29.7,45.5,0.0,normal,B04,116,56,172
2026-04-08 22:00:00+00:00,32.9,45.2,0.0,normal,B04,84,31,115
2026-04-08 23:00:00+00:00,29.9,45.6,0.0,normal,B04,63,24,87
2026-04-09 00:00:00+00:00,29.2,47.5,0.0,normal,B04,0,0,0
2026-04-09 01:00:00+00:00,28.7,44.9,0.0,normal,B04,0,0,0
2026-04-09 02:00:00+00:00,28.4,50.6,0.0,normal,B04,0,0,0
2026-04-09 03:00:00+00:00,31.4,41.8,0.0,normal,B04,0,0,0
2026-04-09 04:00:00+00:00,30.6,36.8,0.0,normal,B04,0,0,0
2026-04-09 05:00:00+00:00,30.9,43.4,0.0,normal,B04,0,0,0
2026-04-09 06:00:00+00:00,36.3,29.9,0.0,normal,B04,19,13,32
2026-04-09 07:00:00+00:00,35.8,41.3,0.0,normal,B04,24,5,29
2026-04-09 08:00:00+00:00,35.3,45.8,0.0,normal,B04,19,1,20
2026-04-09 08:00:00+00:00,35.3,45.8,0.0,normal,B04,19,1,20
2026-04-09 09:00:00+00:00,36.8,36.8,0.0,normal,B04,22,13,35
2026-04-09 10:00:00+00:00,37.3,40.1,0.0,normal,B04,17,10,27
2026-04-09 11:00:00+00:00,40.1,26.7,0.0,normal,B04,32,27,59
2026-04-09 12:00:00+00:00,37.3,33.1,0.0,normal,B04,46,37,83
2026-04-09 13:00:00+00:00,38.5,31.9,0.0,normal,B04,63,57,120
2026-04-09 14:00:00+00:00,41.8,25.1,0.0,normal,B04,73,65,138
2026-04-09 15:00:00+00:00,39.7,30.8,0.0,normal,B04,84,64,148
2026-04-09 16:00:00+00:00,40.5,20.0,0.0,normal,B04,87,84,171
2026-04-09 17:00:00+00:00,37.5,34.8,0.0,normal,B04,109,79,188
2026-04-09 18:00:00+00:00,39.2,28.7,0.0,normal,B04,108,100,208
2026-04-09 19:00:00+00:00,33.4,43.0,0.0,normal,B04,122,100,222
2026-04-09 20:00:00+00:00,34.0,33.1,0.0,normal,B04,135,84,219
2026-04-09 21:00:00+00:00,32.7,40.1,0.0,normal,B04,113,69,182
2026-04-09 22:00:00+00:00,31.5,31.7,0.0,normal,B04,85,49,134
2026-04-09 23:00:00+00:00,32.7,47.3,0.0,normal,B04,60,37,97
2026-04-10 00:00:00+00:00,31.5,37.0,0.0,normal,B04,0,0,0
2026-04-10 01:00:00+00:00,29.8,45.3,0.0,normal,B04,0,0,0
2026-04-10 02:00:00+00:00,30.8,47.2,0.0,normal,B04,0,0,0
2026-04-10 03:00:00+00:00,29.0,47.0,0.0,normal,B04,0,0,0
2026-04-10 04:00:00+00:00,31.2,50.4,0.0,normal,B04,0,0,0
2026-04-10 05:00:00+00:00,32.4,45.3,0.0,normal,B04,0,0,0
2026-04-10 06:00:00+00:00,32.5,48.3,0.0,normal,B04,20,14,34
2026-04-10 07:00:00+00:00,34.2,34.4,0.0,normal,B04,19,3,22
2026-04-10 08:00:00+00:00,37.0,38.0,0.0,normal,B04,26,17,43
2026-04-10 09:00:00+00:00,35.5,34.3,0.0,normal,B04,11,7,18
2026-04-10 10:00:00+00:00,37.8,35.6,0.0,normal,B04,26,18,44
2026-04-10 11:00:00+00:00,38.7,33.5,0.0,normal,B04,35,19,54
2026-04-10 12:00:00+00:00,41.8,32.7,0.0,normal,B04,53,40,93
2026-04-10 13:00:00+00:00,40.0,34.7,0.0,normal,B04,60,58,118
2026-04-10 14:00:00+00:00,38.3,34.5,0.0,normal,B04,85,58,143
2026-04-10 15:00:00+00:00,42.4,25.3,0.0,normal,B04,88,64,152
2026-04-10 16:00:00+00:00,37.9,29.8,0.0,normal,B04,98,72,170
2026-04-10 17:00:00+00:00,36.8,30.9,0.0,normal,B04,101,80,181
2026-04-10 18:00:00+00:00,36.8,27.7,0.0,normal,B04,120,88,208
2026-04-10 19:00:00+00:00,36.2,40.2,0.0,normal,B04,124,82,206
2026-04-10 20:00:00+00:00,33.5,47.3,0.0,normal,B04,127,75,202
2026-04-10 21:00:00+00:00,34.4,43.6,0.0,normal,B04,120,59,179
2026-04-10 22:00:00+00:00,31.4,47.2,0.0,normal,B04,81,43,124
2026-04-10 23:00:00+00:00,29.7,49.9,0.0,normal,B04,52,21,73
2026-04-11 00:00:00+00:00,30.8,46.6,0.0,normal,B04,0,0,0
2026-04-11 01:00:00+00:00,28.3,43.1,0.0,normal,B04,0,0,0
2026-04-11 02:00:00+00:00,30.8,39.1,0.0,normal,B04,0,0,0
2026-04-11 03:00:00+00:00,30.7,37.1,0.0,normal,B04,0,0,0
2026-04-11 04:00:00+00:00,31.8,36.1,0.0,normal,B04,0,0,0
2026-04-11 05:00:00+00:00,32.2,44.9,0.0,normal,B04,0,0,0
2026-04-11 06:00:00+00:00,31.3,45.9,0.0,normal,B04,21,7,28
2026-04-11 07:00:00+00:00,34.0,36.4,0.0,normal,B04,24,16,40
2026-04-11 08:00:00+00:00,33.3,30.2,0.0,normal,B04,23,4,27
2026-04-11 09:00:00+00:00,36.7,27.2,0.0,normal,B04,17,8,25
2026-04-11 10:00:00+00:00,37.5,32.4,0.0,normal,B04,23,21,44
2026-04-11 11:00:00+00:00,39.4,29.4,0.0,normal,B04,33,39,72
2026-04-11 12:00:00+00:00,38.7,35.6,0.0,normal,B04,53,46,99
2026-04-11 13:00:00+00:00,40.2,31.3,0.0,normal,B04,63,50,113
2026-04-11 14:00:00+00:00,40.6,21.5,0.0,normal,B04,81,68,149
2026-04-11 15:00:00+00:00,40.8,31.8,0.0,normal,B04,89,71,160
2026-04-11 16:00:00+00:00,37.7,32.3,0.0,normal,B04,101,84,185
2026-04-11 17:00:00+00:00,38.3,31.8,0.0,normal,B04,99,85,184
2026-04-11 18:00:00+00:00,37.9,40.4,0.0,normal,B04,106,93,199
2026-04-11 19:00:00+00:00,37.8,26.8,0.0,normal,B04,125,85,210
2026-04-11 20:00:00+00:00,35.8,43.0,0.0,normal,B04,119,86,205
2026-04-11 21:00:00+00:00,34.1,44.2,0.0,normal,B04,112,64,176
2026-04-11 22:00:00+00:00,35.4,42.1,0.0,normal,B04,87,47,134
2026-04-11 23:00:00+00:00,31.7,47.7,0.0,normal,B04,64,23,87
2026-04-12 00:00:00+00:00,30.7,44.0,0.0,normal,B04,0,0,0
2026-04-12 01:00:00+00:00,29.5,53.6,0.0,normal,B04,0,0,0
2026-04-12 02:00:00+00:00,28.6,54.8,0.0,normal,B04,0,0,0
2026-04-12 03:00:00+00:00,30.7,36.9,0.0,normal,B04,0,0,0
2026-04-12 04:00:00+00:00,31.1,32.9,0.0,normal,B04,0,0,0
2026-04-12 05:00:00+00:00,32.2,46.1,0.0,normal,B04,0,0,0
2026-04-12 06:00:00+00:00,31.4,43.5,0.0,normal,B04,26,10,36
2026-04-12 07:00:00+00:00,36.5,32.8,0.0,normal,B04,11,12,23
2026-04-12 08:00:00+00:00,33.2,47.5,0.0,normal,B04,13,14,27
2026-04-12 09:00:00+00:00,39.1,31.4,0.0,normal,B04,18,2,20
2026-04-12 10:00:00+00:00,38.8,38.4,0.0,normal,B04,25,27,52
2026-04-12 11:00:00+00:00,37.3,31.7,0.0,normal,B04,28,31,59
2026-04-12 12:00:00+00:00,41.0,36.9,0.0,normal,B04,45,32,77
2026-04-12 13:00:00+00:00,40.5,24.8,0.0,normal,B04,61,59,120
2026-04-12 14:00:00+00:00,42.8,23.1,0.0,normal,B04,74,64,138
2026-04-12 15:00:00+00:00,39.2,33.0,0.0,normal,B04,85,73,158
2026-04-12 16:00:00+00:00,41.5,32.0,0.0,normal,B04,86,66,152
2026-04-12 17:00:00+00:00,39.0,33.8,0.0,normal,B04,102,78,180
2026-04-12 18:00:00+00:00,37.4,36.7,0.0,normal,B04,114,92,206
2026-04-12 19:00:00+00:00,32.3,40.0,0.0,normal,B04,118,88,206
2026-04-12 20:00:00+00:00,35.2,31.5,0.0,normal,B04,107,80,187
2026-04-12 21:00:00+00:00,34.1,37.8,0.0,normal,B04,111,64,175
2026-04-12 22:00:00+00:00,35.0,45.4,0.0,normal,B04,78,38,116
2026-04-12 23:00:00+00:00,30.6,43.4,0.0,normal,B04,66,36,102
2026-04-13 00:00:00+00:00,30.4,42.2,0.0,normal,B04,0,0,0
2026-04-13 01:00:00+00:00,30.3,40.8,0.0,normal,B04,0,0,0
2026-04-13 02:00:00+00:00,28.1,51.0,0.0,normal,B04,0,0,0
2026-04-13 03:00:00+00:00,30.9,39.6,0.0,normal,B04,0,0,0
2026-04-13 04:00:00+00:00,31.8,39.1,0.0,normal,B04,0,0,0
2026-04-13 05:00:00+00:00,31.6,46.6,0.0,normal,B04,0,0,0
2026-04-13 06:00:00+00:00,32.2,43.9,0.0,normal,B04,23,10,33
2026-04-13 07:00:00+00:00,32.7,39.9,0.0,normal,B04,12,10,22
2026-04-13 08:00:00+00:00,34.5,34.5,0.0,normal,B04,17,19,36
2026-04-13 09:00:00+00:00,35.8,28.5,0.0,normal,B04,19,18,37
2026-04-13 10:00:00+00:00,36.6,33.7,0.0,normal,B04,23,25,48
2026-04-13 11:00:00+00:00,37.9,31.9,0.0,normal,B04,31,32,63
2026-04-13 12:00:00+00:00,39.0,33.8,0.0,normal,B04,43,46,89
2026-04-13 13:00:00+00:00,40.9,25.3,0.0,normal,B04,55,62,117
2026-04-13 14:00:00+00:00,38.0,27.8,0.0,normal,B04,66,68,134
2026-04-13 15:00:00+00:00,38.6,49.9,1.5,normal,B04,82,73,155
2026-04-13 16:00:00+00:00,41.2,22.5,0.0,normal,B04,99,67,166
2026-04-13 17:00:00+00:00,37.8,35.0,0.0,normal,B04,93,77,170
2026-04-13 18:00:00+00:00,38.6,30.2,0.0,normal,B04,117,84,201
2026-04-13 19:00:00+00:00,33.2,39.4,0.0,normal,B04,117,84,201
2026-04-13 20:00:00+00:00,36.8,36.2,0.0,normal,B04,126,85,211
2026-04-13 21:00:00+00:00,33.2,53.9,3.5,normal,B04,100,70,170
2026-04-13 22:00:00+00:00,32.8,35.7,0.0,normal,B04,89,36,125
2026-04-13 23:00:00+00:00,31.1,34.4,0.0,normal,B04,51,34,85
2026-04-14 00:00:00+00:00,30.3,40.4,0.0,normal,B04,0,0,0
2026-04-14 01:00:00+00:00,31.3,40.3,0.0,normal,B04,0,0,0
2026-04-14 02:00:00+00:00,29.6,42.4,0.0,normal,B04,0,0,0
2026-04-14 03:00:00+00:00,32.5,39.6,0.0,normal,B04,0,0,0
2026-04-14 04:00:00+00:00,33.2,44.3,0.0,normal,B04,0,0,0
2026-04-14 05:00:00+00:00,31.9,43.9,0.0,normal,B04,0,0,0
2026-04-14 06:00:00+00:00,32.9,31.1,0.0,normal,B04,22,10,32
2026-04-14 07:00:00+00:00,33.0,44.7,0.0,normal,B04,26,11,37
2026-04-14 08:00:00+00:00,34.7,30.9,0.0,normal,B04,15,0,15
2026-04-14 09:00:00+00:00,35.3,64.6,3.3,normal,B04,29,20,49
2026-04-14 10:00:00+00:00,36.6,40.2,0.0,normal,B04,23,20,43
2026-04-14 11:00:00+00:00,37.9,38.4,0.0,normal,B04,36,27,63
2026-04-14 12:00:00+00:00,38.3,22.7,0.0,normal,B04,40,41,81
2026-04-14 13:00:00+00:00,38.9,33.4,0.0,normal,B04,61,62,123
2026-04-14 14:00:00+00:00,40.2,23.5,0.0,normal,B04,70,64,134
2026-04-14 15:00:00+00:00,39.1,44.8,0.0,normal,B04,75,81,156
2026-04-14 16:00:00+00:00,37.2,37.4,0.0,normal,B04,92,81,173
2026-04-14 17:00:00+00:00,35.2,41.6,0.0,normal,B04,93,89,182
2026-04-14 18:00:00+00:00,35.9,38.1,0.0,normal,B04,115,85,200
2026-04-14 19:00:00+00:00,34.1,40.3,0.0,normal,B04,121,87,208
2026-04-14 20:00:00+00:00,33.4,36.3,0.0,normal,B04,126,91,217
2026-04-14 21:00:00+00:00,34.1,36.7,0.0,normal,B04,114,63,177
2026-04-14 22:00:00+00:00,32.8,39.8,0.0,normal,B04,93,40,133
2026-04-14 23:00:00+00:00,31.3,45.2,0.0,normal,B04,65,17,82
2026-04-15 00:00:00+00:00,29.9,40.2,0.0,normal,B04,0,0,0
2026-04-15 01:00:00+00:00,29.1,52.3,0.0,normal,B04,0,0,0
2026-04-15 02:00:00+00:00,28.0,60.9,9.3,normal,B04,0,0,0
2026-04-15 03:00:00+00:00,29.1,48.8,0.0,normal,B04,0,0,0
2026-04-15 04:00:00+00:00,28.7,50.3,0.0,normal,B04,0,0,0
2026-04-15 05:00:00+00:00,31.8,40.8,0.0,normal,B04,0,0,0
2026-04-15 06:00:00+00:00,31.0,39.1,0.0,normal,B04,23,12,35
2026-04-15 07:00:00+00:00,34.2,44.8,0.0,normal,B04,16,6,22
2026-04-15 08:00:00+00:00,33.8,41.6,0.0,normal,B04,13,7,20
2026-04-15 09:00:00+00:00,32.9,37.7,0.0,normal,B04,28,14,42
2026-04-15 10:00:00+00:00,37.2,29.7,0.0,normal,B04,23,14,37
2026-04-15 11:00:00+00:00,36.9,31.4,0.0,normal,B04,36,35,71
2026-04-15 12:00:00+00:00,39.5,29.8,0.0,normal,B04,47,37,84
2026-04-15 13:00:00+00:00,36.2,25.1,0.0,normal,B04,60,58,118
2026-04-15 15:00:00+00:00,35.4,34.4,0.0,normal,B04,89,60,149
2026-04-15 16:00:00+00:00,38.3,39.5,0.0,normal,B04,102,68,170
2026-04-15 17:00:00+00:00,37.7,35.4,0.0,normal,B04,106,81,187
2026-04-15 18:00:00+00:00,37.4,23.2,0.0,normal,B04,109,92,201
2026-04-15 19:00:00+00:00,37.2,35.3,0.0,normal,B04,121,82,203
2026-04-15 20:00:00+00:00,35.5,56.4,0.0,normal,B04,122,80,202
2026-04-15 21:00:00+00:00,30.3,53.2,0.0,normal,B04,102,59,161
2026-04-15 22:00:00+00:00,31.8,43.8,0.0,normal,B04,86,35,121
2026-04-15 23:00:00+00:00,30.8,61.2,1.4,normal,B04,58,24,82
2026-04-16 00:00:00+00:00,30.7,39.4,0.0,normal,B04,0,0,0
2026-04-16 01:00:00+00:00,28.6,44.3,0.0,normal,B04,0,0,0
2026-04-16 02:00:00+00:00,31.5,40.3,0.0,normal,B04,0,0,0
2026-04-16 03:00:00+00:00,32.0,38.9,0.0,normal,B04,0,0,0
2026-04-16 04:00:00+00:00,30.8,41.5,0.0,normal,B04,0,0,0
2026-04-16 05:00:00+00:00,32.3,36.0,0.0,normal,B04,0,0,0
2026-04-16 06:00:00+00:00,33.3,40.6,0.0,normal,B04,18,6,24
2026-04-16 07:00:00+00:00,32.4,40.5,0.0,normal,B04,19,9,28
2026-04-16 08:00:00+00:00,37.0,35.2,0.0,normal,B04,13,11,24
2026-04-16 09:00:00+00:00,34.9,31.6,0.0,normal,B04,27,9,36
